,customer_id,age,annual_income,credit_score,employment-type,education__level,marital_status,city,customer_segment,loan_type,loan_amount_(inr),tenure_months,monthly_visits,debt_to_income,loan_approved?,valid_age
0,CUST101160,37.0,297809.0,698.0,Self-Employed,12Th,Married,Mumbai,Mass,Education,378342.0,60,3.0,True,No,True
1,CUST100077,36.0,1048283.0,874.0,Contract,Graduate,Single,Jaipur,Premium,Auto,751792.0,48,11.0,True,Yes,True
2,CUST100317,55.0,1043481.0,661.0,Self-Employed,Postgraduate,Married,Kolkata,Affluent,Auto,892792.0,84,4.0,False,Yes,True
3,CUST101041,54.0,369591.0,722.0,Salaried,Graduate,Single,Kolkata,Premium,Home,908250.0,84,10.0,True,Yes,True
4,CUST101358,27.0,666989.0,727.0,Self-Employed,Graduate,Married,Hyderabad,Mass,Education,386370.0,72,4.0,True,Yes,True
5,CUST100925,32.0,317590.0,690.0,Salaried,Graduate,M,Mumbai,Premium,Auto,235549.0,120,5.0,True,No,True
6,CUST100758,39.0,322966.0,707.0,Contract,Graduate,Married,Chennai,Mass,Personal,563319.0,24,7.0,True,No,True
7,CUST100793,54.0,999108.0,689.0,Salaried,Graduate,Divorced,Hyderabad,Sme,Auto,767783.0,48,,True,Yes,True
8,CUST100965,65.0,478191.0,758.0,Contract,Graduate,Divorced,Bengaluru,Premium,Auto,753872.0,72,5.0,True,No,True
9,CUST101198,67.0,1063307.0,774.0,Salaried,Graduate,Married,Jaipur,Affluent,Home,549693.0,120,2.0,True,Yes,True
10,CUST101088,67.0,649824.0,759.0,Salaried,Postgraduate,Married,Bengaluru,Affluent,Home,230446.0,84,6.0,True,Yes,True
11,CUST100679,45.0,856826.0,662.0,Self Employed,Postgraduate,Divorced,,Affluent,Education,1412363.0,12,5.0,True,Yes,True
12,CUST100372,52.0,652659.0,849.0,Salaried,Diploma,Married,Kolkata,Premium,Home,316887.0,72,5.0,True,Yes,True
13,CUST101488,21.0,801951.0,752.0,Salaried,Postgraduate,Married,Delhi,Mass,Business,444292.0,36,1.0,True,Yes,True
14,CUST101158,60.0,1548824.0,698.0,Contract,Graduate,Married,Pune,Sme,Home,333121.0,24,10.0,True,No,True
15,CUST101338,34.0,272618.0,740.0,Business,Graduate,Married,Bengaluru,Premium,Personal,200194.0,48,,True,No,True
16,CUST101002,55.0,332315.0,720.0,Self-Employed,, MARRIED ,Chennai,Mass,Personal,188614.0,72,4.0,True,Yes,True
17,CUST100031,42.0,653583.0,651.0,Salaried,,Single,Mumbai,Mass,Education,180784.0,12,2.0,False,No,True
18,CUST100050,57.0,1457160.0,687.0,Business,12Th,Divorced,Kolkata,Affluent,Home,258267.0,12,4.0,False,Yes,True
19,CUST100241,27.0,1412437.0,637.0,Business,Postgraduate,Married,Mumbai,Affluent,Education,752049.0,48,4.0,True,Yes,True
20,CUST100310,26.0,1073659.0,681.0,Salaried,Graduate,unknown,Kolkata,Affluent,Auto,911691.0,60,5.0,True,No,True
21,CUST100354,,302606.0,726.0,,Graduate,Single,Bengaluru,Mass,Auto,269320.0,84,6.0,True,No,False
22,CUST100125,61.0,692204.0,765.0,Business,Graduate,Married,Jaipur,Mass,Personal,298406.0,36,5.0,True,Yes,True
23,CUST100382,65.0,872829.0,,Self-Employed,Postgraduate,Married,Delhi,Mass,Personal,442006.0,72,3.0,True,No,True
24,CUST101023,61.0,828927.0,731.0,Salaried,Diploma,Divorced,Kolkata,Affluent,Home,154672.0,120,7.0,True,Yes,True
25,CUST100071,58.0,454340.0,743.0,Business,Graduate,Single,Jaipur,Premium,Business,1545154.0,72,3.0,True,Yes,True
26,CUST101126,60.0,244414.0,701.0,Self-Employed,Graduate,Married,Delhi,Affluent,Business,750870.0,24,,True,No,True
27,CUST100705,25.0,709105.0,673.0,Salaried,Postgraduate,Married,Bengaluru,Affluent,Business,401589.0,36,3.0,True,Yes,True
28,CUST100942,39.0,383334.0,749.0,Contract,Graduate,Married,Delhi,Affluent,Auto,557799.0,36,8.0,True,Yes,True
29,CUST100989,,650000.0,778.0,Self-Employed,Graduate,Divorced,Pune,Unknown,Home,1083921.0,48,5.0,True,No,False
30,CUST100571,65.0,705165.0,807.0,Business,Graduate,Married,Delhi,Affluent,Personal,247744.0,60,5.0,True,Yes,True
31,CUST100893,45.0,,815.0,Self-Employed,Postgraduate,Married,Pune,Affluent,Business,549241.0,24,4.0,True,No,True
32,CUST100576,38.0,975358.0,757.0,Salaried,Graduate,Married,Hyderabad,Affluent,Business,289685.0,48,4.0,True,Yes,True
33,CUST100586,64.0,197598.0,722.0,Contract,Graduate,Single,Delhi,Premium,Home,453687.0,24,2.0,True,Yes,True
34,CUST101484,26.0,868938.0,667.0,Business,Postgraduate,Divorced,Hyderabad,Mass,Auto,,24,5.0,True,Yes,True
35,CUST101175,21.0,571974.0,751.0,Salaried,12Th,M,Kolkata,Mass,Education,500.0,120,5.0,True,Yes,True
36,CUST100622,43.0,798164.0,783.0,Contract,Postgraduate,Single,Bengaluru,Mass,Personal Loan,475340.0,120,6.0,True,No,True
37,CUST100670,27.0,418793.0,,Unknown,Graduate,Single,Jaipur,Mass,Business,400096.0,120,6.0,True,No,True
38,CUST101075,42.0,267183.0,679.0,Business,Graduate,Married,Pune,Mass,Home Loan,266734.0,72,3.0,True,Yes,True
39,CUST101306,52.0,320699.0,812.0,Salaried,Postgraduate,Married,Jaipur,Affluent,Education,339986.0,84,6.0,True,Yes,True
40,CUST101199,58.0,558176.0,723.0,Business,Postgraduate,Single,Chennai,Affluent,Personal,1054028.0,24,3.0,True,Yes,True
41,CUST101081,64.0,,749.0,Self-Employed,Diploma,Single,Kolkata,Premium,Personal,254754.0,24,5.0,True,No,True
42,CUST100614,39.0,739976.0,653.0,Business,Diploma,Single,Pune,Mass,Business,561520.0,72,5.0,True,Yes,True
43,CUST100494,49.0,461493.0,644.0,Self-Employed,Graduate,Married,Pune,Mass,Home Loan,380343.0,48,7.0,True,Yes,True
44,CUST100355,66.0,419386.0,710.0,Salaried,Postgraduate,Married,Hyderabad,Mass,Business,335495.0,48,5.0,True,Yes,True
45,CUST100262,29.0,311759.0,660.0,Business,Postgraduate,Married,Delhi,Affluent,Home,171792.0,12,8.0,True,Yes,True
46,CUST100060,53.0,347825.0,592.0,Business,Graduate,Married,Bengaluru,Mass,Personal,184642.0,120,2.0,True,Yes,True
47,CUST100598,57.0,778581.0,,,Graduate,Married,Kolkata,Unknown,Home,352976.0,84,6.0,True,Yes,True
48,CUST101465,61.0,281894.0,650.0,Salaried,12Th,Single,Delhi,Affluent,Auto,412166.0,48,8.0,True,Yes,True
49,CUST100979,37.0,282271.0,779.0,Salaried,Diploma,Married,Delhi,Mass,Auto,161926.0,36,2.0,True,Yes,True
50,CUST100260,48.0,120000.0,698.0,Self-Employed,Graduate,Married,Pune,Premium,Home,352996.0,72,5.0,True,No,True
51,CUST100839,21.0,958482.0,673.0,Business,Graduate,Single,Kolkata,Affluent,Business,904541.0,24,3.0,True,Yes,True
52,CUST101032,29.0,482933.0,712.0,Business,Postgraduate,Single,Bengaluru,Affluent,Home,450000.0,84,5.0,True,Yes,True
53,CUST100400,35.0,720000.0,818.0,Self-Employed,12Th,Married,Hyderabad,Mass,Home,869924.0,72,2.0,True,No,True
54,CUST101136,23.0,466307.0,547.0,Business,Postgraduate,Married,Jaipur,Affluent,Education,123020.0,36,3.0,True,Yes,True
55,CUST100721,27.0,472459.0,817.0,Contract,Diploma,Married,Mumbai,Premium,Auto,,72,1.0,True,No,True
56,CUST100052,30.0,1248126.0,647.0,Self-Employed,Graduate,Single,Bengaluru,Premium,Education,203649.0,36,6.0,True,Yes,True
57,CUST100276,43.0,769913.0,852.0,Salaried,Diploma,Married,Bengaluru,Affluent,Home,363928.0,120,10.0,True,No,True
58,CUST100345,63.0,477076.0,785.0,Salaried,Graduate, MARRIED ,Chennai,Sme,Education,1575763.0,24,8.0,True,No,True
59,CUST100725,57.0,606581.0,707.0,,Graduate,Married,Chennai,Premium,Personal,200810.0,24,,True,Yes,True
60,CUST100304,63.0,873682.0,603.0,Salaried,Postgraduate,Single,Chennai,Mass,Auto,200295.0,60,,True,Yes,True
61,CUST100757,55.0,1777657.0,666.0,Contract,Postgraduate,Single,Hyderabad,Premium,Education,900253.0,72,3.0,True,Yes,True
62,CUST100024,64.0,266201.0,773.0,Business,Post Graduate,Single,Jaipur,Mass,Home,284014.0,72,5.0,True,Yes,True
63,CUST100592,63.0,956390.0,692.0,Business,12Th,Married,Mumbai,Mass,Business,713316.0,84,5.0,True,Yes,True
64,CUST100889,21.0,585510.0,635.0,Self-Employed,,Married,Hyderabad,Mass,Personal,340446.0,24,6.0,True,No,True
65,CUST100465,21.0,646689.0,623.0,,12Th,Married,Jaipur,Sme,Home,188920.0,24,5.0,True,Yes,True
66,CUST101098,56.0,1017027.0,673.0,Business,Graduate,Married,Hyderabad,Affluent,Education,150841.0,36,4.0,True,Yes,True
67,CUST101135,49.0,816506.0,694.0,Contract,Graduate,Single,,Sme,Home,,60,8.0,True,Yes,True
68,CUST100454,22.0,402624.0,745.0,Business,Graduate,Married,Bengaluru,Affluent,Personal,564754.0,48,5.0,True,No,True
69,CUST100169,36.0,195617.0,785.0,Contract,Graduate,Single,Delhi,Mass,Education,548218.0,84,2.0,True,Yes,True
70,CUST100859,52.0,224564.0,637.0,Self-Employed,Postgraduate,Married,Kolkata,Mass,Education,311261.0,72,7.0,True,No,True
71,CUST100755,47.0,593126.0,722.0,Self-Employed,Graduate,Single,Chennai,Premium,Home,240992.0,60,3.0,True,Yes,True
72,CUST101166,25.0,738784.0,741.0,Business,Graduate,Married,Chennai,Mass,Personal,487324.0,12,4.0,True,No,True
73,CUST100362,62.0,604483.0,,Self-Employed,12Th,Married,Pune,Affluent,Business,382571.0,72,,True,Yes,True
74,CUST100238,41.0,1907548.0,678.0,Business,Graduate,Single,Mumbai,Mass,Business,242378.0,72,0.0,False,Yes,True
75,CUST101266,22.0,565569.0,782.0,Self-Employed,Diploma,Married,Kolkata,Mass,Auto,452295.0,84,7.0,True,Yes,True
77,CUST100439,24.0,200448.0,704.0,Self-Employed,Graduate,Single,Pune,Mass,Personal,133356.0,12,8.0,True,Yes,True
78,CUST101393,67.0,1006633.0,679.0,Contract,Postgraduate,Married,Mumbai,Mass,Education,161239.0,24,7.0,True,Yes,True
79,CUST100100,27.0,376172.0,698.0,Contract,12Th,Married,Kolkata,Mass,Education,722975.0,24,5.0,True,Yes,True
80,CUST101371,62.0,713814.0,712.0,Salaried,12Th,Single,Bengaluru,Affluent,Home,468593.0,72,9.0,True,Yes,True
81,CUST100830,22.0,785890.0,803.0,Salaried,Graduate,Married,Bengaluru,Affluent,Education,594864.0,84,3.0,True,Yes,True
82,CUST100608,45.0,303172.0,834.0,Self-Employed,Postgraduate,Single,Mumbai,Mass,Home,,36,5.0,True,Yes,True
83,CUST100068,38.0,589676.0,856.0,Business,Graduate,Single,Chennai,Affluent,Auto,162497.0,72,5.0,True,pending,True
84,CUST101115,30.0,858108.0,,Contract,12Th,Married,Jaipur,Mass,Auto,708169.0,72,5.0,True,No,True
85,CUST100248,40.0,455192.0,797.0,Business,12Th,Married,Jaipur,Premium,Personal,,36,4.0,True,Yes,True
86,CUST100136,35.0,654378.0,579.0,Contract,Diploma,Single,Pune,Mass,Home,717035.0,72,7.0,True,Yes,True
87,CUST101233,66.0,277079.0,835.0,Salaried,Postgraduate,Single,Bengaluru,Mass,Auto,557312.0,24,9.0,True,No,True
88,CUST100652,51.0,967727.0,673.0,Self-Employed,Graduate,Married,,Mass,Auto,,24,6.0,True,Yes,True
89,CUST100844,22.0,374838.0,726.0,Business,Diploma,Single,Jaipur,Mass,Personal,205859.0,72,11.0,True,No,True
90,CUST101373,42.0,692475.0,827.0,Business,Graduate,Married,Chennai,Mass,Education,,60,0.0,True,No,True
91,CUST100395,54.0,682626.0,600.0,Self-Employed,Diploma,Single,Jaipur,Affluent,Education,290225.0,12,,True,Yes,True
92,CUST100124,43.0,621533.0,703.0,Business,Other,Single,Delhi,Mass,Personal,266448.0,12,4.0,True,Yes,True
93,CUST101331,42.0,939238.0,,Self-Employed,Graduate,Single,Chennai,Premium,Personal,69451.0,60,6.0,True,Yes,True
94,CUST100817,23.0,931317.0,724.0,Salaried,Postgraduate,Single,Bengaluru,Mass,Home,274209.0,24,7.0,True,No,True
95,CUST100426,30.0,905260.0,705.0,Business,Graduate,Married,Delhi,Unknown,Education,191785.0,36,6.0,True,Yes,True
96,CUST101221,51.0,352537.0,838.0,Contract,Postgraduate,Married,Mumbai,Mass,Education,656093.0,48,10.0,True,Yes,True
97,CUST100644,43.0,983121.0,905.0,Contract,Graduate,Single,Jaipur,Mass,Personal,463446.0,120,4.0,True,Yes,True
98,CUST100768,43.0,650000.0,813.0,Salaried,Graduate,Married,Bengaluru,Affluent,Business,608964.0,60,5.0,True,Yes,True
99,CUST100661,29.0,1170831.0,734.0,Salaried,Graduate,Married,Chennai,Mass,Auto,1193415.0,120,5.0,True,Yes,True
100,CUST101150,,100.0,723.0,Self-Employed,12Th,Married,,Mass,Education,454937.0,48,5.0,True,Yes,False
101,CUST101264,59.0,575928.0,796.0,,Diploma,Single,Mumbai,Mass,Business,650311.0,12,,True,No,True
102,CUST100240,50.0,790630.0,596.0,Business,Graduate,Married,Mumbai,Affluent,Education,538275.0,84,9.0,True,Yes,True
103,CUST101403,35.0,,660.0,Self-Employed,Graduate,Married,Delhi,Affluent,Home,,36,4.0,True,No,True
104,CUST100414,27.0,1261671.0,,Salaried,Postgraduate,Married,Chennai,Premium,Personal,508975.0,24,,True,Yes,True
105,CUST101409,21.0,796057.0,791.0,Contract,Graduate,Single,Hyderabad,Affluent,Auto,345847.0,48,4.0,True,Yes,True
106,CUST100968,35.0,732151.0,670.0,Salaried,Graduate,Single,Bengaluru,Affluent,Home,381057.0,120,6.0,True,Yes,True
107,CUST101108,,1373619.0,719.0,Salaried,Graduate,Divorced,Chennai,Premium,Business,645003.0,36,4.0,True,No,False
108,CUST100535,,458878.0,782.0,Salaried,Diploma,Married,Mumbai,Mass,Auto,549385.0,36,7.0,True,No,False
109,CUST101328,24.0,825489.0,780.0,Unknown,Postgraduate,Single,Chennai,Affluent,Home,592930.0,36,4.0,True,Yes,True
110,CUST100030,41.0,423380.0,787.0,Business,Postgraduate,Married,Jaipur,Premium,Business,1266643.0,36,3.0,True,Yes,True
111,CUST101034,35.0,495450.0,775.0,Salaried,Postgraduate,Married,Pune,Mass,Auto,250114.0,72,3.0,True,Yes,True
112,CUST100343,50.0,522104.0,,Business,12Th,Married,Jaipur,Affluent,Personal,1115775.0,84,3.0,True,Yes,True
113,CUST101055,,1112464.0,120.0,Salaried,Diploma,Married,Kolkata,Mass,Auto,427759.0,84,3.0,True,No,False
114,CUST101491,33.0,949904.0,744.0,Salaried,Graduate,Single,Jaipur,Mass,Home,371134.0,24,4.0,True,Yes,True
115,CUST100066,36.0,732446.0,738.0,Self-Employed,Postgraduate,Married,Pune,Mass,Business,813675.0,36,7.0,True,Yes,True
116,CUST101145,36.0,747039.0,745.0,Salaried,Graduate,Single,Jaipur,Mass,Auto,1127779.0,24,3.0,True,Yes,True
117,CUST100890,33.0,540637.0,665.0,Salaried,12Th,Married,Jaipur,Affluent,Business,233375.0,84,4.0,True,No,True
118,CUST101179,33.0,523735.0,600.0,Business,Other,Married,Jaipur,Mass,Personal,573771.0,120,7.0,True,Yes,True
119,CUST101095,36.0,,782.0,Self-Employed,Postgraduate,Married,Bengaluru,Affluent,Home,225725.0,60,5.0,True,Yes,True
120,CUST101178,30.0,807886.0,699.0,Self-Employed,Graduate,Married,Mumbai,Affluent,Auto,784012.0,12,9.0,True,Yes,True
121,CUST100142,31.0,325274.0,653.0,Contract,Postgraduate,Married,Jaipur,Mass,Business,384748.0,12,6.0,True,No,True
122,CUST100655,46.0,642463.0,722.0,Salaried,Graduate,Married,Hyderabad,Mass,Home,233700.0,48,5.0,True,Yes,True
123,CUST101109,65.0,426853.0,999.0,Contract,Diploma,Married,Delhi,Affluent,Personal,259649.0,12,10.0,True,Yes,True
124,CUST101432,29.0,923424.0,731.0,Contract,Other,Single,Jaipur,Affluent,Personal,137734.0,36,5.0,True,Yes,True
125,CUST100728,25.0,1345961.0,741.0,Contract,Graduate,Single ,Delhi,Affluent,Auto,226098.0,48,2.0,True,Yes,True
127,CUST100406,44.0,570948.0,705.0,Business,Postgraduate,Married,Mumbai,Premium,Home,246164.0,120,5.0,True,No,True
128,CUST101044,38.0,391325.0,815.0,Contract,Postgraduate,Single,Jaipur,Premium,Home,713047.0,84,9.0,True,Yes,True
129,CUST101201,62.0,,715.0,Self-Employed,Postgraduate,Married,Delhi,Mass,Auto,508715.0,72,4.0,True,No,True
130,CUST100630,38.0,616823.0,776.0,Contract,Graduate,Divorced,Hyderabad,Mass,Home,386738.0,72,5.0,False,Yes,True
131,CUST101143,64.0,1280465.0,728.0,Business,Graduate,Married,Bengaluru,Mass,Personal,384273.0,72,2.0,True,No,True
132,CUST101048,49.0,,713.0,Salaried,Postgraduate,Single,Bengaluru,Affluent,Auto,301697.0,48,7.0,True,Yes,True
133,CUST100932,53.0,1197458.0,659.0,Contract,Graduate,Single,Jaipur,Premium,Education,333480.0,36,7.0,True,Yes,True
134,CUST101014,35.0,325324.0,769.0,Contract,Graduate,Married,Kolkata,Affluent,Business,361335.0,72,4.0,True,Yes,True
135,CUST100045,24.0,765518.0,745.0,Business,12Th,Single,Kolkata,Premium,Education,423967.0,12,3.0,True,No,True
136,CUST101281,55.0,523238.0,700.0,Self-Employed,Postgraduate,Married,Kolkata,Affluent,Business,259401.0,12,5.0,True,Yes,True
137,CUST100271,,987167.0,766.0,Salaried,Graduate,Married,Mumbai,Mass,Auto,1220256.0,72,6.0,True,Yes,False
138,CUST100887,23.0,829523.0,762.0,Self-Employed,Diploma,Married,Jaipur,Mass,Personal,479320.0,12,3.0,True,Yes,True
139,CUST100966,48.0,883839.0,630.0,Business,Postgraduate,Single,Kolkata,Premium,Personal,558029.0,48,7.0,True,Yes,True
140,CUST100116,47.0,423133.0,720.0,Contract,Graduate,Married,Pune,Affluent,Personal,673687.0,120,5.0,True,Yes,True
141,CUST101125,60.0,346551.0,624.0,Business,Graduate,Married,Chennai,Mass,Personal,414208.0,24,5.0,True,Yes,True
142,CUST101008,44.0,504174.0,711.0,Business,12Th,Single,,Mass,Personal,139598.0,48,3.0,True,Yes,True
143,CUST101478,105.0,654405.0,705.0,Self-Employed,Other,Single,Pune,Affluent,Business,307579.0,12,9.0,True,Yes,True
144,CUST100530,64.0,,761.0,Business,Diploma,Single,,Affluent,Business,1182185.0,120,7.0,True,Yes,True
145,CUST100434,27.0,496439.0,664.0,Contract,Graduate,Single,Jaipur,Mass,Business,221024.0,120,5.0,True,Yes,True
146,CUST100417,66.0,669540.0,695.0,Self-Employed,12Th,Married,Chennai,Premium,Business,215925.0,120,4.0,True,No,True
147,CUST100584,23.0,933390.0,654.0,Business,Postgraduate,Single,Bengaluru,Premium,Personal,305036.0,48,8.0,True,Yes,True
148,CUST100079,47.0,1063557.0,684.0,Self-Employed,Graduate,Single,Delhi,Mass,Business,,12,9.0,True,No,True
149,CUST101238,26.0,364920.0,657.0,Self-Employed,Diploma,Married,Jaipur,Affluent,Auto,1161362.0,72,4.0,True,Yes,True
150,CUST101417,50.0,732498.0,699.0,Salaried,Other,Married,Mumbai,Mass,Auto,1203320.0,60,7.0,False,Yes,True
151,CUST101053,44.0,349048.0,704.0,Contract,Diploma,Single,Delhi,Mass,Education,386534.0,60,8.0,True,No,True
152,CUST101085,30.0,679463.0,,Self-Employed,12Th,Married,Bengaluru,Unknown,Home,,72,5.0,True,Yes,True
153,CUST100462,27.0,979676.0,701.0,Contract,Postgraduate,Single,Kolkata,Affluent,Education,500606.0,48,6.0,True,No,True
154,CUST101047,32.0,50.0,545.0,Contract,12Th,Single,Mumbai,Affluent,Education,125019.0,84,7.0,True,Yes,True
155,CUST100016,57.0,701254.0,650.0,Self-Employed,Graduate,Single,Chennai,Mass,Business,,48,7.0,True,Yes,True
156,CUST100583,26.0,872901.0,769.0,Self-Employed,12Th,Married,Pune,Mass,Business,916271.0,60,4.0,True,Yes,True
157,CUST101362,24.0,782709.0,842.0,Salaried,12Th,Married,,Premium,Personal,120000000.0,48,6.0,False,No,True
158,CUST100176,42.0,1075623.0,643.0,Contract,Graduate,Married,Delhi,Premium,Auto,1107031.0,84,4.0,True,Yes,True
159,CUST100994,41.0,615633.0,651.0,Self-Employed,Graduate,Divorced,Hyderabad,Premium,Auto,353871.0,72,4.0,True,No,True
160,CUST101479,31.0,586223.0,649.0,Business,12Th,married,Kolkata,High Value,Home,148740.0,36,5.0,True,Yes,True
161,CUST101390,63.0,719415.0,713.0,Self-Employed,Graduate,Married,Bengaluru,Affluent,Personal,220156.0,84,3.0,True,Yes,True
162,CUST101269,5.0,441402.0,721.0,Self-Employed,Graduate,Single,Jaipur,Affluent,Auto,598443.0,48,4.0,True,Yes,True
163,CUST100544,29.0,524443.0,770.0,Salaried,Postgraduate,Single,Kolkata,Mass,Education,,120,6.0,True,Yes,True
164,CUST100367,43.0,332247.0,720.0,,Post Graduate,married,Mumbai,Mass,Home,429047.0,72,3.0,True,No,True
165,CUST101174,29.0,230922.0,,Business,Graduate,Single,Chennai,Sme,Auto,219026.0,120,3.0,True,No,True
166,CUST100204,53.0,494070.0,688.0,Business,Postgraduate,Married,Bengaluru,Mass,Home,470904.0,24,5.0,True,Yes,True
167,CUST100782,50.0,481624.0,758.0,Contract,12Th,Divorced,Pune,Affluent,Unknown,316929.0,60,4.0,True,Yes,True
168,CUST101097,60.0,894140.0,705.0,Salaried,Graduate,Married,Pune,Affluent,Auto,475217.0,60,8.0,True,Yes,True
169,CUST100987,49.0,522864.0,745.0,Contract,Postgraduate,Single,Jaipur,Mass,Business,939601.0,48,8.0,True,Yes,True
170,CUST101030,36.0,997790.0,727.0,Business,Postgraduate,Married,Mumbai,Mass,Auto,184445.0,36,5.0,True,Yes,True
171,CUST100813,53.0,1041152.0,639.0,Self-Employed,Graduate,Married,Jaipur,Premium,Personal,580697.0,120,6.0,True,No,True
172,CUST100917,46.0,278569.0,793.0,Business,Graduate,Divorced,Mumbai,Affluent,Education,,120,6.0,True,No,True
173,CUST101043,40.0,480359.0,,Self-Employed,Postgraduate,Single,Mumbai,Mass,Auto,688734.0,120,4.0,True,pending,True
174,CUST100185,44.0,482178.0,661.0,Business,Graduate,Single,Hyderabad,Sme,Home,402043.0,24,7.0,True,Yes,True
175,CUST101435,36.0,723887.0,754.0,,Diploma,Divorced,Jaipur,Mass,Home,156463.0,12,7.0,True,No,True
176,CUST100483,32.0,795270.0,,Self-Employed,Diploma,Married,Hyderabad,Premium,Business,201546.0,36,8.0,True,Yes,True
177,CUST100057,46.0,384562.0,636.0,Salaried,Postgraduate,Divorced,Jaipur,Mass,Auto,445330.0,36,3.0,False,Yes,True
178,CUST100999,66.0,869564.0,854.0,Self-Employed,12Th,Married,Hyderabad,Affluent,Personal,623296.0,84,3.0,True,approved,True
179,CUST101197,54.0,483605.0,722.0,Contract,Diploma,Married,Chennai,Mass,Personal,722803.0,24,7.0,True,No,True
180,CUST100421,64.0,1483255.0,751.0,Contract,Post Graduate,Married,Hyderabad,Mass,Auto,2033263.0,72,3.0,True,Yes,True
181,CUST100044,37.0,,703.0,Contract,Postgraduate,Married,Hyderabad,Premium,Auto,102753.0,36,6.0,True,Yes,True
182,CUST100951,25.0,622721.0,781.0,Salaried,Graduate,Single,Bengaluru,Premium,Education,955024.0,120,5.0,True,Yes,True
183,CUST100440,39.0,329140.0,743.0,Business,Graduate,Married,Bengaluru,Affluent,Business,431920.0,48,4.0,True,No,True
184,CUST100692,,1895511.0,832.0,Self-Employed,Graduate,Married,Jaipur,Sme,Personal,518143.0,48,2.0,True,No,False
185,CUST100599,50.0,318667.0,762.0,Contract,Graduate,Single,Chennai,Mass,Education,572941.0,24,4.0,True,Yes,True
186,CUST100102,30.0,1296087.0,793.0,Self-Employed,Postgraduate,Single,Hyderabad,Premium,Education,412917.0,48,8.0,True,No,True
187,CUST100412,31.0,572892.0,654.0,Contract,Graduate,Divorced,Chennai,Affluent,Personal,265573.0,24,3.0,True,Yes,True
188,CUST101122,24.0,653437.0,762.0,Business,Diploma,Married,Chennai,Affluent,Auto,437318.0,36,,True,Yes,True
189,CUST100108,52.0,614322.0,806.0,Self-Employed,Postgraduate,Married,Kolkata,Mass,Personal,663318.0,84,4.0,True,Yes,True
190,CUST101118,48.0,574094.0,745.0,Salaried,Postgraduate,Single,Jaipur,Affluent,Home,136116.0,12,0.0,True,Yes,True
191,CUST101229,28.0,427857.0,682.0,Business,Diploma,Married,Delhi,Mass,Education,867324.0,120,3.0,True,No,True
192,CUST100221,26.0,719492.0,719.0,Contract,Graduate,Married,Pune,Affluent,Home,113131.0,36,9.0,True,Yes,True
193,CUST101305,49.0,342717.0,658.0,Business,Graduate,Married,Chennai,Affluent,Education,545281.0,72,4.0,True,Yes,True
194,CUST101033,55.0,474335.0,628.0,,Postgraduate,Single,Chennai,Mass,Business,554267.0,60,2.0,True,No,True
195,CUST100825,50.0,1250902.0,727.0,,Diploma,Married,Pune,Affluent,Personal,374486.0,60,5.0,True,Yes,True
196,CUST100662,55.0,164151.0,770.0,Contract,Graduate,Married,Bengaluru,Premium,Education,1323107.0,24,3.0,True,Yes,True
197,CUST101406,28.0,713156.0,840.0,Self-Employed,Postgraduate,Single,Hyderabad,Premium,Education,129461.0,84,,True,No,True
198,CUST100129,48.0,462888.0,808.0,Contract,Graduate,Married,Chennai,Premium,Home Loan,1372192.0,60,,True,Yes,True
199,CUST100333,35.0,685126.0,,Business,Other,Single,Mumbai,Mass,Auto,,72,3.0,True,Yes,True
200,CUST100298,41.0,569936.0,804.0,Business,Graduate,Single,Mumbai,Affluent,Auto,381792.0,60,12.0,True,Yes,True
201,CUST101467,50.0,100.0,640.0,Contract,12Th,Single,Jaipur,Affluent,Auto,1030464.0,120,4.0,True,Yes,True
202,CUST100708,47.0,,732.0,Business,Graduate,Single,Jaipur,Sme,Personal,927815.0,60,10.0,True,Yes,True
203,CUST100366,45.0,534308.0,777.0,Contract,Graduate,Married,Pune,Sme,Home,450000.0,120,9.0,True,No,True
204,CUST100245,50.0,638984.0,671.0,Salaried,Graduate,Married,Mumbai,Affluent,Auto,314036.0,84,2.0,True,Yes,True
205,CUST100814,34.0,371614.0,737.0,Salaried,Graduate,Married,Delhi,Affluent,Auto,259227.0,72,4.0,True,Yes,True
206,CUST100665,49.0,280329.0,715.0,Salaried,Postgraduate,Single,Pune,Mass,Business,465753.0,120,7.0,True,Yes,True
207,CUST100850,49.0,303434.0,663.0,Salaried,Graduate,Married,Jaipur,Affluent,Education,248237.0,12,4.0,True,Yes,True
208,CUST100616,51.0,1586888.0,708.0,Contract,12Th,Married,Delhi,Mass,Personal,461215.0,84,,True,Yes,True
209,CUST100603,55.0,643096.0,757.0,Business,Graduate,Married,Delhi,Mass,Auto,205066.0,24,5.0,True,Yes,True
210,CUST100232,61.0,807402.0,690.0,Self-Employed,Graduate,Single,Jaipur,Mass,Auto,391285.0,24,6.0,True,Yes,True
211,CUST100033,25.0,399311.0,,Business,12Th,Married,Bengaluru,Affluent,Education,285506.0,84,7.0,True,Yes,True
212,CUST100975,27.0,356889.0,708.0,Business,12Th,Single,Pune,Sme,Business,640753.0,24,,True,No,True
213,CUST100498,38.0,220760.0,725.0,Contract,12Th,Single,Delhi,Premium,Personal,525934.0,12,5.0,True,Yes,True
214,CUST101246,67.0,820421.0,843.0,Salaried,Diploma,Married,Pune,Affluent,Education,455429.0,60,7.0,True,Yes,True
215,CUST101301,,650000.0,670.0,Business,Postgraduate,Single,Delhi,Affluent,Auto,237877.0,84,3.0,True,Yes,False
216,CUST101317,54.0,520581.0,,,Graduate,Married,Hyderabad,Affluent,Auto,133731.0,60,5.0,True,Yes,True
217,CUST100352,23.0,380679.0,755.0,,Diploma,Married,Chennai,Affluent,Business,307410.0,24,4.0,True,Yes,True
218,CUST100495,34.0,182027.0,706.0,,Postgraduate,Single,Hyderabad,Mass,Business,356296.0,84,4.0,True,Yes,True
219,CUST100964,31.0,1172173.0,750.0,Contract,Postgraduate,Divorced,Hyderabad,Mass,Auto,1353211.0,48,7.0,True,No,True
220,CUST100539,46.0,1498176.0,762.0,,Postgraduate,Single,Jaipur,Affluent,Home,2137460.0,84,5.0,True,No,True
221,CUST101315,63.0,686476.0,744.0,Business,Graduate,Married,Bengaluru,Affluent,Education,388752.0,24,7.0,True,Yes,True
222,CUST100719,,357187.0,690.0,Business,Diploma,Married,Delhi,Affluent,Business,656807.0,48,7.0,True,Yes,False
223,CUST100164,40.0,370342.0,683.0,Contract,Postgraduate,Married,Mumbai,Mass,Personal,190440.0,36,5.0,True,No,True
224,CUST100910,25.0,120000.0,738.0,Contract,12Th,Married,Delhi,Sme,Business,194903.0,12,3.0,True,Yes,True
225,CUST100501,26.0,636283.0,,Self-Employed,Postgraduate,unknown,Delhi,Premium,Business,1830516.0,60,6.0,True,Yes,True
226,CUST100307,35.0,228257.0,711.0,Self-Employed,Postgraduate,Single,Hyderabad,Mass,Home,,60,8.0,True,No,True
227,CUST100669,64.0,763906.0,690.0,Salaried,Postgraduate,Married,Pune,Mass,Home,412123.0,36,5.0,True,Yes,True
228,CUST100673,50.0,500969.0,709.0,Salaried,Graduate,Married,Delhi,Affluent,Business,1486299.0,12,8.0,True,Yes,True
229,CUST100602,57.0,496613.0,734.0,Business,Postgraduate,Married,Bengaluru,Mass,Business,935694.0,12,1.0,True,No,True
230,CUST101028,,755671.0,631.0,Contract,Diploma,Married,Pune,Affluent,Business,254055.0,120,0.0,True,No,False
231,CUST101176,36.0,491670.0,752.0,Self-Employed,Diploma,Single,Mumbai,Sme,Education,860688.0,36,,True,Yes,True
232,CUST101217,,639695.0,,,Postgraduate,Single,Pune,Affluent,Education,483098.0,24,7.0,True,Yes,False
233,CUST101089,51.0,100.0,652.0,Contract,Graduate,Married,Delhi,Affluent,Home,,72,7.0,True,Yes,True
234,CUST100193,49.0,848654.0,609.0,Salaried,Graduate,Single,Jaipur,Mass,Business,720675.0,48,4.0,True,Yes,True
235,CUST101214,61.0,1209373.0,722.0,Salaried,12Th,Married,Bengaluru,Premium,Auto,,60,6.0,True,Yes,True
236,CUST101102,43.0,940306.0,696.0,Self-Employed,Graduate,M,Kolkata,Affluent,Education,,48,4.0,True,Yes,True
237,CUST101090,27.0,1030835.0,687.0,Salaried,Postgraduate,Single,Bengaluru,Affluent,Auto,417719.0,60,3.0,True,Yes,True
238,CUST100064,66.0,998441.0,732.0,Unknown,Graduate,Single,Mumbai,Mass,Business,537912.0,84,6.0,True,No,True
239,CUST100711,52.0,570736.0,669.0,Business,12Th,Married,Delhi,Mass,Home,,120,5.0,True,Yes,True
240,CUST100883,42.0,1192672.0,763.0,Contract,Graduate,Single,Mumbai,Affluent,Business,312556.0,60,6.0,True,Yes,True
241,CUST100934,51.0,540162.0,707.0,Contract,Graduate,Single,Bengaluru,Mass,Home,701378.0,36,5.0,True,Yes,True
242,CUST100947,66.0,723772.0,661.0,Contract,Post Graduate,Married,Hyderabad,Premium,Education,996879.0,84,4.0,True,No,True
243,CUST100915,48.0,744599.0,682.0,Contract,Graduate,Single,Bengaluru,Mass,Business,393834.0,12,9.0,True,Yes,True
244,CUST100275,40.0,616649.0,783.0,Contract,Graduate,Divorced,,Mass,Auto,231853.0,72,3.0,True,Yes,True
245,CUST100619,23.0,2387806.0,789.0,Contract,Post Graduate,Single,Chennai,Unknown,Education,725288.0,36,4.0,True,Yes,True
246,CUST101470,23.0,,799.0,Salaried,Graduate,Married,Jaipur,Mass,Auto,685631.0,72,3.0,True,No,True
247,CUST100863,26.0,846466.0,729.0,Self-Employed,Graduate,Single ,Kolkata,Mass,Auto,276657.0,12,6.0,True,No,True
248,CUST100199,36.0,1250649.0,753.0,Salaried,Postgraduate,Married,Bengaluru,Mass,Personal,,72,,True,Yes,True
249,CUST100809,39.0,650000.0,663.0,,Other,Single,Chennai,Premium,Auto,596623.0,120,5.0,True,Yes,True
250,CUST100340,65.0,,807.0,Salaried,Graduate,Married,Hyderabad,Affluent,Education,352716.0,24,,True,Yes,True
251,CUST101363,37.0,373608.0,720.0,Contract,Graduate,Single,Mumbai,Premium,Home,435748.0,84,,True,No,True
252,CUST101392,45.0,824863.0,668.0,Business,Graduate,Married,,Mass,Home Loan,,36,6.0,True,Yes,True
253,CUST100272,22.0,1322163.0,671.0,Salaried,Diploma,Married,Pune,Affluent,Education,1058781.0,60,8.0,True,Yes,True
254,CUST100579,62.0,372929.0,751.0,Salaried,Postgraduate,Single,Hyderabad,Mass,Education,,120,5.0,True,Yes,True
255,CUST100219,42.0,1020769.0,777.0,Self Employed,Graduate,Married,Kolkata,Premium,Home,345358.0,48,6.0,True,No,True
256,CUST100491,64.0,994875.0,712.0,Salaried,12Th,Married,Jaipur,Affluent,Home,312046.0,12,8.0,True,Yes,True
257,CUST101241,44.0,,721.0,Business,12Th,Single,Bengaluru,Affluent,Education,100.0,72,3.0,True,Yes,True
258,CUST100436,26.0,685444.0,679.0,Contract,Diploma,Married,Delhi,Mass,Home,,48,4.0,True,Yes,True
259,CUST100353,35.0,582257.0,806.0,Salaried,Graduate,Single,Mumbai,Mass,Home,456757.0,72,,True,Yes,True
260,CUST101035,24.0,1101672.0,692.0,Unknown,12Th,Married,Kolkata,Mass,Home,360292.0,120,5.0,True,Yes,True
261,CUST101377,66.0,987293.0,688.0,Salaried,Graduate,Single,Chennai,Mass,Education,652615.0,72,4.0,True,Yes,True
262,CUST100325,66.0,450815.0,712.0,Salaried,Postgraduate,Married,Pune,Affluent,Personal,1423839.0,84,1.0,True,Yes,True
263,CUST100416,52.0,,790.0,Business,Graduate, MARRIED ,Delhi,Affluent,Business,216767.0,48,7.0,True,Yes,True
264,CUST100715,105.0,728296.0,668.0,Salaried,12Th,Married,Jaipur,Sme,Personal,317698.0,48,4.0,True,Yes,True
265,CUST101302,39.0,,718.0,Business,Postgraduate,Single,Chennai,Sme,Personal,593812.0,84,7.0,True,No,True
266,CUST100552,39.0,1303304.0,751.0,Business,Postgraduate,Single,Hyderabad,Mass,Personal,1706070.0,24,7.0,True,Yes,True
267,CUST100713,55.0,428478.0,788.0,Self-Employed,Postgraduate,Married,Pune,Premium,Auto,334427.0,48,4.0,True,Yes,True
268,CUST100650,60.0,1030270.0,750.0,Business,Graduate,Single,Hyderabad,Affluent,Personal,185431.0,72,2.0,True,No,True
269,CUST100423,57.0,248696.0,655.0,Contract,,Single,Chennai,Mass,Auto,238268.0,24,8.0,True,No,True
270,CUST100290,43.0,779628.0,696.0,Contract,Graduate,Divorced,Mumbai,Affluent,Business,519725.0,120,3.0,True,Yes,True
271,CUST100766,57.0,440724.0,,Self-Employed,,Married,Mumbai,Affluent,Home,,72,6.0,True,Yes,True
272,CUST100651,43.0,314156.0,601.0,Salaried,12Th,Married,Hyderabad,Affluent,Auto,1295129.0,60,7.0,True,Yes,True
273,CUST100568,32.0,642791.0,712.0,Salaried,Postgraduate,Single,Jaipur,Mass,Education,331261.0,84,5.0,True,No,True
274,CUST101180,22.0,387850.0,684.0,Salaried,Postgraduate,Single,Chennai,Affluent,Personal,503392.0,24,4.0,True,pending,True
275,CUST101346,67.0,598241.0,819.0,Contract,Graduate,Single,Delhi,Mass,Business,505896.0,12,6.0,True,Yes,True
276,CUST101005,27.0,1116666.0,731.0,Salaried,Graduate,Single,Mumbai,Affluent,Personal,162385.0,84,5.0,True,Yes,True
277,CUST100278,57.0,688929.0,579.0,Contract,Graduate,Married,Mumbai,Premium,Personal,142555.0,24,1.0,True,Yes,True
278,CUST101194,54.0,160250.0,,Self-Employed,Graduate,Married,Jaipur,Affluent,Auto,1490266.0,36,4.0,True,Yes,True
279,CUST100506,42.0,835866.0,692.0,Contract,Graduate,Single,Hyderabad,Affluent,Business,,24,2.0,True,Yes,True
280,CUST100237,52.0,515243.0,777.0,Self-Employed,Other,Divorced,Hyderabad,Sme,Personal,194043.0,12,6.0,True,Yes,True
281,CUST100618,33.0,891369.0,729.0,Self-Employed,Graduate,Married,Pune,Mass,Auto,583571.0,72,9.0,True,Yes,True
282,CUST101000,45.0,341910.0,777.0,Business,Graduate,Married,Mumbai,Premium,Auto,298093.0,36,3.0,True,No,True
283,CUST101481,28.0,501697.0,712.0,Salaried,Graduate,Married,Hyderabad,Mass,Personal,328807.0,120,7.0,True,Yes,True
284,CUST100463,56.0,442690.0,777.0,Business,Postgraduate,Single,Delhi,Mass,Education,824759.0,120,5.0,True,Yes,True
285,CUST100933,33.0,840835.0,741.0,Business,Diploma,Single,,Sme,Home,110749.0,60,8.0,True,Yes,True
286,CUST100209,33.0,581426.0,714.0,Salaried,Graduate,Married,Bengaluru,Affluent,Personal Loan,1081811.0,60,9.0,True,Yes,True
287,CUST100383,65.0,,,Business,Graduate,Married,Hyderabad,Premium,Personal,858508.0,24,6.0,True,Yes,True
288,CUST100900,49.0,451277.0,638.0,Salaried,Graduate,Single,Mumbai,Affluent,Business,1862201.0,60,3.0,True,Yes,True
289,CUST100381,21.0,1118138.0,681.0,Contract,Diploma,Single,Kolkata,Premium,Education,,60,8.0,True,No,True
290,CUST100059,55.0,50.0,681.0,Business,Graduate,Married,Hyderabad,Sme,Auto,276229.0,72,,True,Yes,True
291,CUST100835,61.0,335806.0,687.0,Contract,,Single,Bengaluru,Sme,Education,481189.0,120,10.0,True,Yes,True
292,CUST101024,60.0,,731.0,Contract,Diploma,Married,Bengaluru,Affluent,Business,238027.0,84,5.0,True,No,True
293,CUST100433,59.0,740883.0,,Self-Employed,Graduate,Divorced,Delhi,Affluent,Personal,460715.0,36,5.0,True,No,True
294,CUST101464,23.0,401751.0,687.0,Salaried,Other,Single,Chennai,Mass,Auto,634741.0,84,9.0,True,Yes,True
295,CUST101220,41.0,442392.0,250.0,Business,Diploma,Married,Delhi,Affluent,Auto,50000000.0,72,9.0,True,Yes,True
296,CUST100745,58.0,1044693.0,0.0,Business,Postgraduate,Married,Bengaluru,Affluent,Auto,,36,3.0,True,No,True
297,CUST101240,22.0,490619.0,763.0,Salaried,Postgraduate,Married,Delhi,Affluent,Personal,367101.0,60,6.0,True,No,True
298,CUST101086,60.0,258510.0,747.0,Contract,Diploma,Married,Jaipur,Affluent,Business,245820.0,12,6.0,True,Yes,True
299,CUST100502,51.0,1207664.0,795.0,Contract,Postgraduate,Married,Chennai,Premium,Home,1785635.0,84,4.0,True,No,True
300,CUST100612,42.0,,776.0,Contract,Graduate,Single,Bengaluru,Premium,Home,1426878.0,60,5.0,True,No,True
301,CUST100514,59.0,677558.0,686.0,Business,Graduate,married,Chennai,Mass,Personal,895787.0,84,3.0,True,No,True
302,CUST101183,53.0,868165.0,671.0,Self-Employed,Graduate,Married,Bengaluru,Premium,Education,876046.0,12,7.0,True,No,True
303,CUST100847,28.0,371855.0,731.0,Business,Graduate,Single,Delhi,Sme,Auto,824816.0,24,3.0,True,No,True
304,CUST100456,47.0,301531.0,738.0,Salaried,Graduate,Single,Pune,Mass,Business,695043.0,48,7.0,True,No,True
305,CUST100234,56.0,650000.0,664.0,Contract,Postgraduate,Married,Pune,Mass,Personal,879073.0,84,6.0,True,Yes,True
306,CUST100977,25.0,519779.0,634.0,Self-Employed,Graduate,Single,Kolkata,Mass,Auto,156056.0,12,6.0,False,Yes,True
307,CUST100197,42.0,120000.0,669.0,Business,Postgraduate,Single,Bengaluru,Affluent,Personal,765012.0,60,8.0,True,Yes,True
308,CUST100846,105.0,479269.0,715.0,Self-Employed,Graduate,Married,Pune,Affluent,Home,1894157.0,60,1.0,True,Yes,True
309,CUST101347,61.0,1032725.0,759.0,Self-Employed,12Th,Married,Bengaluru,Affluent,Personal,429371.0,72,7.0,True,Yes,True
310,CUST100082,41.0,386371.0,660.0,Business,,Single,Delhi,Mass,Home,637992.0,84,4.0,True,No,True
311,CUST101439,35.0,899793.0,659.0,Salaried,Graduate,Married,Kolkata,Premium,Education,492370.0,84,3.0,True,Yes,True
312,CUST100375,62.0,474407.0,615.0,Salaried,Postgraduate,Married,Bengaluru,Affluent,Home,333254.0,84,6.0,True,Yes,True
313,CUST101207,,491311.0,739.0,Self-Employed,12Th,Single,Delhi,Premium,Education,1037576.0,36,3.0,True,Yes,False
314,CUST100112,57.0,1375349.0,619.0,Business,12Th,Single,Delhi,Mass,Personal,218194.0,60,4.0,True,No,True
315,CUST101309,40.0,717354.0,619.0,Business,Graduate,Single,Bengaluru,Mass,Education,423963.0,84,4.0,True,Yes,True
316,CUST100811,23.0,848564.0,709.0,Salaried,Diploma,Single,Chennai,Affluent,Business,281188.0,60,7.0,False,Yes,True
317,CUST101059,40.0,379436.0,667.0,Self-Employed,Graduate,Married,Bengaluru,Mass,Auto,245193.0,36,6.0,True,Yes,True
318,CUST100744,33.0,810484.0,669.0,Business,Postgraduate,Married,Hyderabad,Mass,Home,489873.0,84,3.0,True,Yes,True
319,CUST101485,40.0,1092019.0,747.0,Self-Employed,Graduate,Married,Hyderabad,Mass,Auto,442068.0,48,4.0,True,Yes,True
320,CUST100678,24.0,595483.0,720.0,Self-Employed,Diploma,Single,Delhi,Affluent,Business,683291.0,12,4.0,True,Yes,True
321,CUST100311,52.0,,786.0,Salaried,Graduate,Single,Delhi,Affluent,Auto,,72,-5.0,True,Yes,True
322,CUST100615,53.0,792125.0,746.0,Self-Employed,Postgraduate,Single,Hyderabad,Affluent,Auto,344087.0,12,2.0,True,No,True
323,CUST100507,,25000000.0,659.0,Self-Employed,Graduate,Divorced,Kolkata,Sme,Education,347305.0,48,6.0,True,No,False
324,CUST100862,64.0,603967.0,646.0,Contract,Graduate,Single,Jaipur,Mass,Personal,171598.0,72,6.0,True,Yes,True
325,CUST100452,64.0,260101.0,804.0,Business,Diploma,Married,Mumbai,Mass,Education,645078.0,84,4.0,True,Yes,True
326,CUST101138,38.0,1072738.0,682.0,Salaried,Diploma,Married,Chennai,Affluent,Education,1737074.0,60,4.0,True,Yes,True
327,CUST100351,46.0,,856.0,Salaried,Graduate,Single,Bengaluru,Affluent,Home,91808.0,12,5.0,True,Yes,True
328,CUST100368,42.0,309833.0,802.0,Contract,Postgraduate,Single,Mumbai,Mass,Home,353192.0,72,6.0,True,Yes,True
329,CUST101226,66.0,273582.0,695.0,Business,Postgraduate,Single,Pune,Sme,Education,262325.0,24,5.0,True,No,True
330,CUST101050,26.0,2503802.0,664.0,Contract,Graduate,Married,Mumbai,Sme,Business,223361.0,36,10.0,True,Yes,True
331,CUST100428,58.0,540521.0,683.0,Salaried,Graduate,Divorced,Hyderabad,Premium,Personal,388648.0,84,2.0,False,Yes,True
332,CUST100359,25.0,490493.0,794.0,Self-Employed,12Th,Single,Mumbai,Affluent,Education,331633.0,24,5.0,True,Yes,True
333,CUST101314,61.0,537245.0,737.0,Contract,Postgraduate,Single,Mumbai,Mass,Unknown,370101.0,120,5.0,False,No,True
334,CUST100471,55.0,1355907.0,636.0,Business,Graduate,Single,Kolkata,Premium,Home,156009.0,72,4.0,True,Yes,True
335,CUST100998,37.0,504379.0,790.0,Salaried,Postgraduate,unknown,Mumbai,Mass,Education,500.0,84,9.0,True,Yes,True
336,CUST100949,65.0,744201.0,658.0,Contract,Graduate,Married,Delhi,Mass,Home,534540.0,48,4.0,True,Yes,True
337,CUST100561,46.0,1152754.0,808.0,Salaried,Diploma,Married,Chennai,Mass,Business,776241.0,72,3.0,True,No,True
338,CUST101459,33.0,,672.0,Salaried,Graduate,Married,Bengaluru,Premium,Personal,893436.0,72,10.0,True,Yes,True
339,CUST100707,21.0,965549.0,765.0,,12Th,Married,Jaipur,Mass,Personal,963838.0,48,3.0,True,No,True
340,CUST100786,48.0,825804.0,686.0,,12Th,Married,Jaipur,Mass,Business,1487501.0,24,3.0,True,No,True
341,CUST101255,51.0,341587.0,634.0,Business,Graduate,Single,Mumbai,Mass,Education,483070.0,24,6.0,True,No,True
342,CUST100255,52.0,402265.0,120.0,Business,Diploma,Married,,Mass,Home,,36,9.0,True,Yes,True
343,CUST100323,49.0,908945.0,695.0,Salaried,Graduate,Married,Kolkata,Premium,Education,,48,7.0,False,Yes,True
344,CUST101119,54.0,,648.0,Self-Employed,12Th,Single,Bengaluru,Premium,Business,559466.0,36,5.0,False,No,True
345,CUST101103,64.0,1168413.0,725.0,Business,Postgraduate,Single,Bengaluru,Affluent,Personal,861954.0,72,5.0,True,No,True
346,CUST100775,60.0,548527.0,685.0,Contract,Diploma,Married,Mumbai,Mass,Education,280348.0,120,4.0,True,Yes,True
347,CUST100694,65.0,1190611.0,576.0,Self-Employed,Postgraduate,Single,Delhi,Premium,Auto,332930.0,84,3.0,True,Yes,True
348,CUST100562,23.0,229310.0,674.0,Business,Graduate,Single,Delhi,Mass,Business,134558.0,24,6.0,True,No,True
349,CUST101236,37.0,397501.0,663.0,Business,Graduate,Married,Hyderabad,Mass,Education,277885.0,24,7.0,True,Yes,True
350,CUST100472,58.0,1054242.0,651.0,Salaried,Postgraduate,Married,Bengaluru,Premium,Education,874593.0,60,9.0,True,Yes,True
351,CUST100888,,713868.0,,Self-Employed,Other,Married,Mumbai,Affluent,Education,342038.0,60,3.0,True,Yes,False
352,CUST100087,25.0,610027.0,835.0,Business,Graduate,Married,Hyderabad,Affluent,Education,754231.0,48,2.0,True,No,True
353,CUST101456,24.0,666332.0,837.0,Business,Graduate,Single,Hyderabad,Affluent,Personal,270146.0,36,9.0,True,Yes,True
354,CUST100266,48.0,880353.0,708.0,Salaried,Postgraduate,Married,Chennai,Premium,Education,406409.0,12,1.0,True,Yes,True
355,CUST100288,47.0,542967.0,737.0,Self-Employed,Graduate,Single,Bengaluru,Mass,Personal,915048.0,24,5.0,True,Yes,True
357,CUST100527,,100.0,,Contract,Graduate,Single,,Affluent,Education,284088.0,12,1.0,True,Yes,False
358,CUST101157,26.0,922687.0,754.0,Business,Diploma,Married,Hyderabad,Mass,Personal,247608.0,36,5.0,True,Yes,True
359,CUST100553,59.0,542940.0,700.0,Salaried,12Th,Single,Pune,Mass,Personal,218661.0,36,8.0,True,Yes,True
360,CUST100635,29.0,1628135.0,,Self-Employed,,Single,Pune,Mass,Home,432375.0,12,5.0,True,Yes,True
361,CUST100760,55.0,1474069.0,858.0,,Graduate,Married,Bengaluru,Mass,Auto,367688.0,12,5.0,True,Yes,True
362,CUST100222,12.0,,750.0,Business,Graduate,Married,Chennai,Affluent,Auto,491207.0,60,4.0,True,No,True
363,CUST100114,42.0,541674.0,713.0,Self-Employed,,Divorced,Pune,Mass,Business,273522.0,12,4.0,True,Yes,True
364,CUST101426,59.0,465786.0,,Salaried,12Th,Married,Chennai,Sme,Business,1373236.0,120,2.0,True,Yes,True
365,CUST101446,,1182793.0,617.0,Business,Postgraduate,Single,Chennai,Mass,Auto,400749.0,120,5.0,True,Yes,False
366,CUST100175,,559663.0,660.0,Contract,12Th,Married,Delhi,Mass,Home,935117.0,12,8.0,True,No,False
367,CUST100555,67.0,481855.0,688.0,Self-Employed,Postgraduate,Single,Chennai,Mass,Personal,69314.0,84,7.0,True,Yes,True
368,CUST100384,32.0,834147.0,728.0,Self-Employed,12Th,Married,Chennai,Affluent,Home,635526.0,24,3.0,True,Yes,True
369,CUST101205,51.0,633034.0,889.0,Contract,12Th,Married,Hyderabad,Mass,Auto,654316.0,24,4.0,True,Yes,True
370,CUST100019,60.0,298698.0,659.0,Contract,Graduate,Married,Mumbai,Mass,Personal,639412.0,48,7.0,True,Yes,True
371,CUST101234,56.0,474884.0,,Salaried,12Th,Single,Mumbai,Sme,Home,639162.0,72,3.0,True,Yes,True
372,CUST100286,65.0,765304.0,772.0,Self-Employed,Graduate,Married,Mumbai,Premium,Auto,450000.0,72,12.0,True,No,True
373,CUST101186,35.0,372313.0,638.0,Contract,Diploma,Married,Hyderabad,Premium,Business,1266055.0,72,6.0,True,No,True
374,CUST100723,60.0,720000.0,717.0,Self-Employed,Diploma,Married,Kolkata,Mass,Business,1141845.0,120,6.0,True,Yes,True
376,CUST100032,31.0,563026.0,710.0,Business,Postgraduate,Single,Hyderabad,Mass,Auto,400129.0,12,0.0,True,Yes,True
377,CUST100572,40.0,526487.0,708.0,Contract,12Th,Single,Hyderabad,Mass,Personal,378286.0,36,1.0,True,Yes,True
378,CUST100211,33.0,651880.0,621.0,Contract,Postgraduate,Married,Jaipur,Mass,Business,50000000.0,72,3.0,True,No,True
379,CUST100924,27.0,887316.0,731.0,Contract,Graduate,Divorced,Chennai,Mass,Education,314519.0,48,8.0,True,No,True
380,CUST101007,60.0,413856.0,658.0,Salaried,Graduate,Single,Hyderabad,Affluent,Personal,2107114.0,84,3.0,True,Yes,True
381,CUST100482,59.0,514708.0,646.0,Self-Employed,12Th,Married,Jaipur,Mass,Auto,1509836.0,12,4.0,True,No,True
382,CUST100842,51.0,695156.0,727.0,Salaried,Diploma,Married,Jaipur,Mass,Personal,158632.0,60,12.0,True,Yes,True
383,CUST101107,-3.0,982428.0,,Business,Graduate,Married,Mumbai,Sme,Auto,,72,1.0,True,Yes,False
384,CUST101079,40.0,495965.0,688.0,Contract,Postgraduate,Married,Pune,Affluent,Auto,182779.0,84,4.0,True,Yes,True
385,CUST101091,44.0,254581.0,684.0,Business,Graduate,Married,Pune,Premium,Home,,12,5.0,True,Yes,True
386,CUST101437,41.0,762489.0,701.0,Salaried,12Th,Single,Delhi,Affluent,Home,218131.0,48,4.0,True,No,True
387,CUST100189,32.0,672185.0,568.0,Business,Graduate,Single,Kolkata,Affluent,Home,381678.0,24,3.0,True,Yes,True
388,CUST101170,64.0,843487.0,683.0,Contract,Postgraduate,Single,Chennai,Affluent,Business,572431.0,24,5.0,False,Yes,True
389,CUST100974,43.0,503544.0,642.0,Business,Graduate,Single,Pune,Sme,Home,876120.0,24,3.0,True,Yes,True
390,CUST101031,43.0,448186.0,786.0,Salaried,Graduate,Single,Jaipur,Affluent,Business,480185.0,24,5.0,True,Yes,True
391,CUST101428,63.0,1018948.0,691.0,Salaried,Postgraduate,Single,Pune,Mass,Business,1248765.0,120,3.0,True,Yes,True
392,CUST101279,21.0,503799.0,701.0,Business,Graduate,Married,Delhi,Premium,Education,882943.0,72,0.0,True,Yes,True
393,CUST100939,42.0,932468.0,625.0,Business,Graduate,Married,Delhi,Affluent,Personal,951688.0,24,6.0,True,No,True
394,CUST100084,60.0,779792.0,688.0,Salaried,Graduate,Single,Pune,Affluent,Home,606616.0,60,6.0,True,No,True
395,CUST101114,34.0,793131.0,690.0,Contract,Postgraduate,Married,Delhi,Mass,Education,253794.0,24,6.0,False,Yes,True
396,CUST100049,52.0,351654.0,,Self-Employed,Graduate,Divorced,Delhi,Premium,Personal,267292.0,72,6.0,True,Yes,True
397,CUST101142,36.0,386202.0,575.0,,Graduate,Married,Delhi,Mass,Home,,24,2.0,True,No,True
398,CUST100156,52.0,253877.0,564.0,Contract,Postgraduate,Married,Hyderabad,Affluent,Home,421927.0,84,8.0,True,No,True
399,CUST100430,54.0,1065784.0,863.0,Salaried,Postgraduate,Single,Hyderabad,Affluent,Home Loan,530332.0,72,4.0,True,Yes,True
400,CUST101168,39.0,715368.0,684.0,Salaried,12Th,Married,Chennai,Mass,Education,813609.0,72,5.0,True,Yes,True
401,CUST100427,61.0,815706.0,817.0,Contract,Graduate,M,Pune,Affluent,Education,206622.0,12,4.0,False,No,True
402,CUST101162,44.0,1286375.0,735.0,Salaried,Graduate,Single,Hyderabad,Affluent,Education,626572.0,36,80.0,True,Yes,True
403,CUST100840,63.0,606063.0,695.0,Business,Graduate,Married,Kolkata,Mass,Education,323368.0,72,5.0,True,No,True
404,CUST101260,58.0,,716.0,Contract,Graduate,Married,Chennai,Mass,Home,236927.0,120,6.0,True,No,True
405,CUST100993,30.0,884169.0,759.0,Self-Employed,Postgraduate,Single,Kolkata,Mass,Business,608754.0,12,2.0,True,No,True
406,CUST101191,40.0,446913.0,579.0,Business,Other,Single,,Mass,Education,264020.0,72,0.0,True,Yes,True
407,CUST100180,44.0,311022.0,751.0,Self-Employed,Diploma,Married,Hyderabad,Sme,Education,,72,5.0,True,No,True
408,CUST100429,22.0,1060095.0,733.0,Contract,Graduate,Married,Bengaluru,Mass,Business,399674.0,120,5.0,True,Yes,True
409,CUST101278,57.0,720000.0,782.0,Self-Employed,Postgraduate,Married,Mumbai,Premium,Personal,978282.0,24,3.0,True,Yes,True
410,CUST100480,26.0,391113.0,662.0,Salaried,12Th,Single,Bengaluru,Affluent,Education,,36,4.0,True,No,True
411,CUST100536,28.0,480727.0,641.0,Salaried,Graduate,Married,Jaipur,Mass,Personal,,60,6.0,True,Yes,True
412,CUST101112,31.0,,713.0,Business,Postgraduate,Married,Jaipur,Affluent,Personal,534705.0,48,3.0,False,Yes,True
413,CUST100364,62.0,669608.0,736.0,Contract,Graduate,Single,Hyderabad,Mass,Home,480466.0,48,6.0,True,Yes,True
414,CUST101206,63.0,366729.0,738.0,Salaried,Diploma,Married,Chennai,Mass,Home,590473.0,72,2.0,True,No,True
415,CUST101228,67.0,420146.0,776.0,Self-Employed,Graduate,Divorced,Jaipur,Premium,Personal,1473636.0,24,3.0,True,Yes,True
416,CUST100347,67.0,388553.0,727.0,Self-Employed,12Th,Married,Kolkata,Mass,Auto,547677.0,72,3.0,True,No,True
417,CUST101436,25.0,867342.0,737.0,Business,Other,Married,Chennai,Affluent,Business,510106.0,72,6.0,True,Yes,True
418,CUST100479,52.0,1325750.0,739.0,Self-Employed,Graduate,Single,Hyderabad,Mass,Personal,147457.0,24,4.0,True,No,True
419,CUST100944,,1540944.0,,Self-Employed,Graduate,Married,Jaipur,Mass,Personal,141388.0,24,5.0,True,Yes,False
420,CUST100683,66.0,589349.0,778.0,Contract,Postgraduate,Single,Kolkata,Mass,Auto,634091.0,12,3.0,True,Yes,True
421,CUST101325,61.0,335285.0,698.0,Contract,Graduate,Single,Kolkata,Sme,Education,136044.0,24,5.0,True,No,True
422,CUST100611,60.0,263891.0,658.0,Contract,Diploma,Married,Delhi,Mass,Business,237023.0,72,2.0,True,No,True
423,CUST100589,60.0,171320.0,732.0,Business,12Th,Single,Delhi,Mass,Education,801497.0,72,3.0,True,No,True
424,CUST100894,67.0,674991.0,763.0,Business,Graduate,Married,Hyderabad,Mass,Home,177851.0,36,4.0,True,Yes,True
425,CUST100244,,616651.0,641.0,Salaried,Postgraduate,Single,Jaipur,Affluent,Education,817702.0,12,6.0,True,Yes,False
426,CUST100837,58.0,458170.0,688.0,Business,Postgraduate,Single,Delhi,Affluent,Auto,332882.0,48,6.0,True,No,True
427,CUST100591,58.0,368917.0,676.0,Self-Employed,Postgraduate,Single,Bengaluru,Mass,Auto,,60,7.0,True,Yes,True
428,CUST101253,24.0,683498.0,783.0,Salaried,Diploma,Married,Bengaluru,Affluent,Personal,651871.0,84,3.0,True,Yes,True
429,CUST100794,59.0,249183.0,722.0,Business,12Th,Divorced,Hyderabad,Mass,Auto,674690.0,12,2.0,True,Yes,True
430,CUST100927,46.0,613863.0,767.0,Business,Graduate,Married,Delhi,Premium,Education,494394.0,36,9.0,True,Yes,True
431,CUST101405,29.0,641317.0,711.0,Salaried,Graduate,Married,Hyderabad,Mass,Auto,1560080.0,72,4.0,True,Yes,True
432,CUST101455,47.0,763408.0,631.0,Business,Diploma,Married,Mumbai,Mass,Home,679113.0,72,3.0,True,Yes,True
433,CUST100567,31.0,343883.0,716.0,Self-Employed,Postgraduate,Married,Mumbai,Premium,Education,209360.0,60,,True,Yes,True
434,CUST100309,35.0,648556.0,782.0,Business,Graduate,Single,Chennai,Affluent,Education,414520.0,48,6.0,False,Yes,True
435,CUST100431,24.0,710039.0,649.0,Self-Employed,Graduate,Married,Bengaluru,Mass,Business,692521.0,72,3.0,True,Yes,True
436,CUST100918,57.0,120000.0,781.0,Business,,Married,Bengaluru,Mass,Auto,260512.0,72,2.0,True,No,True
437,CUST100399,34.0,769660.0,667.0,Salaried,Graduate,Married,Mumbai,Mass,Home,320241.0,120,7.0,True,Yes,True
438,CUST100424,48.0,500822.0,656.0,Salaried,12Th,Married,Jaipur,Mass,Home,496054.0,48,8.0,True,Yes,True
439,CUST100371,36.0,488261.0,663.0,Business,Postgraduate,Married,Mumbai,Affluent,Education,718354.0,120,5.0,True,Yes,True
440,CUST100055,44.0,653771.0,,Self-Employed,Graduate,Married,Pune,Premium,Personal,415384.0,60,4.0,True,Yes,True
441,CUST101133,58.0,563006.0,766.0,Salaried,,married,Jaipur,Mass,Personal,798590.0,24,3.0,True,Yes,True
442,CUST100577,64.0,120000.0,,Salaried,Postgraduate,Married,Hyderabad,Mass,Home,,12,5.0,True,Yes,True
443,CUST100590,60.0,550134.0,630.0,Business,12Th,Single,Kolkata,Mass,Education,267471.0,84,5.0,True,Yes,True
444,CUST100313,26.0,511219.0,,Contract,Postgraduate,Married,Chennai,Affluent,Personal,,60,3.0,True,No,True
445,CUST100959,66.0,,754.0,Contract,Other,Divorced,Kolkata,Affluent,Home,806082.0,12,8.0,True,Yes,True
446,CUST101381,67.0,735219.0,775.0,Salaried,Graduate,Single,Kolkata,Premium,Home,,120,7.0,True,Yes,True
447,CUST100110,,180190.0,777.0,Salaried,12Th,Married,Delhi,Sme,Auto,218760.0,24,3.0,True,Yes,False
448,CUST100487,36.0,461762.0,740.0,Self-Employed,Graduate,Married,Jaipur,Affluent,Auto,936416.0,120,5.0,True,Yes,True
450,CUST100101,60.0,515933.0,741.0,Salaried,Graduate,Single,Bengaluru,Affluent,Home,977461.0,120,7.0,True,No,True
451,CUST100486,31.0,470290.0,,Business,Graduate,Married,Chennai,Mass,Education,229724.0,12,3.0,True,No,True
452,CUST100695,25.0,1253341.0,737.0,Business,Graduate,Single,Mumbai,Mass,Auto,334591.0,36,8.0,True,Yes,True
453,CUST101410,,1085541.0,754.0,Business,Diploma,Single,Hyderabad,Mass,Education,297224.0,60,5.0,True,No,False
454,CUST100267,42.0,331267.0,722.0,Self-Employed,Diploma,Single,Hyderabad,Mass,Education,484319.0,72,4.0,False,Yes,True
455,CUST101335,46.0,775005.0,772.0,Contract,Postgraduate,Single,Bengaluru,Mass,Home,204197.0,60,9.0,True,Yes,True
456,CUST100297,60.0,666484.0,716.0,Salaried,Graduate,Married,Hyderabad,Sme,Education,418944.0,12,6.0,True,Yes,True
457,CUST100549,45.0,888107.0,766.0,Self-Employed,Postgraduate,Single,Pune,Mass,Business,492562.0,24,3.0,True,Yes,True
458,CUST101321,26.0,1012157.0,726.0,Self-Employed,Graduate,Divorced,Bengaluru,Mass,Business,504861.0,48,3.0,True,Yes,True
459,CUST100866,53.0,298549.0,761.0,,Diploma,Married,Kolkata,Mass,Auto,1133485.0,72,5.0,True,Yes,True
460,CUST100988,35.0,736331.0,735.0,Self-Employed,Postgraduate,Divorced,Pune,Mass,Home,756243.0,48,3.0,True,No,True
461,CUST100378,56.0,824156.0,733.0,Salaried,Postgraduate,Married,Mumbai,Mass,Auto,1014401.0,120,4.0,True,Yes,True
462,CUST100287,28.0,896601.0,809.0,Salaried,Postgraduate,Married,Jaipur,Affluent,Business,665385.0,72,4.0,True,Yes,True
463,CUST101474,30.0,661585.0,633.0,Self-Employed,Graduate,Single,Hyderabad,Mass,Education,146511.0,36,4.0,True,Yes,True
464,CUST100756,41.0,601141.0,735.0,Contract,Graduate,Single,Mumbai,Affluent,Personal,1765675.0,24,5.0,True,Yes,True
465,CUST100127,24.0,2989383.0,704.0,Salaried,Diploma,Married,Mumbai,Affluent,Business,333461.0,12,5.0,True,Yes,True
466,CUST100328,22.0,843380.0,840.0,Contract,12Th,Single,Bengaluru,Mass,Education,528778.0,12,4.0,True,No,True
467,CUST100293,65.0,511125.0,728.0,,Diploma,Married,Jaipur,Mass,Business,789274.0,48,2.0,True,Yes,True
468,CUST101019,22.0,438557.0,771.0,Self-Employed,Graduate,Married,Hyderabad,Affluent,Home,158408.0,84,-5.0,True,No,True
469,CUST100753,25.0,645828.0,,Self-Employed,Graduate,Married,Kolkata,Premium,Personal,586581.0,24,4.0,False,Yes,True
470,CUST100585,39.0,,662.0,Self-Employed,,Married,Hyderabad,Affluent,Home,380177.0,36,6.0,True,No,True
471,CUST100356,67.0,724752.0,739.0,Self-Employed,Graduate,Married,Kolkata,Sme,Education,1487484.0,24,9.0,True,Yes,True
472,CUST101250,66.0,952713.0,773.0,Contract,Diploma,Single,Kolkata,Mass,Education,384817.0,48,7.0,True,Yes,True
473,CUST100171,25.0,435770.0,,Self-Employed,Graduate,Single,Hyderabad,Mass,Personal,269664.0,60,6.0,True,Yes,True
474,CUST101151,38.0,987820.0,699.0,Self-Employed,12Th,Single,Hyderabad,Mass,Business,164409.0,36,6.0,True,No,True
475,CUST101192,34.0,830216.0,590.0,Salaried,Other,Married,Mumbai,Sme,Auto,575319.0,72,2.0,True,Yes,True
476,CUST101489,26.0,871467.0,706.0,Self-Employed,Graduate,Single,Bengaluru,Affluent,Personal,222701.0,72,6.0,True,No,True
477,CUST101300,,817084.0,756.0,Salaried,Postgraduate,Married,Pune,Affluent,Auto,1503704.0,60,8.0,True,Yes,False
478,CUST100210,57.0,674057.0,828.0,Self-Employed,Postgraduate,Single,Jaipur,Premium,Education,,60,3.0,True,No,True
479,CUST100627,36.0,760410.0,680.0,Business,Diploma,Married,Kolkata,Sme,Personal,1632611.0,120,6.0,True,No,True
480,CUST100875,25.0,779302.0,828.0,Business,Postgraduate,Married,Mumbai,Mass,Home,311944.0,60,4.0,True,Yes,True
481,CUST100141,67.0,405696.0,812.0,,Postgraduate,Single,Mumbai,Affluent,Education,386690.0,24,5.0,True,Yes,True
482,CUST101344,48.0,779944.0,704.0,Contract,12Th,Married,Jaipur,Premium,Personal,462637.0,24,6.0,True,No,True
483,CUST101027,24.0,492756.0,663.0,Business,Diploma,Single,Hyderabad,Affluent,Business,539265.0,48,13.0,True,Yes,True
484,CUST100675,25.0,264750.0,674.0,Business,12Th,M,Jaipur,Affluent,Education,449226.0,12,5.0,True,No,True
485,CUST101218,55.0,372130.0,721.0,Contract,Graduate, MARRIED ,Delhi,Mass,Business,576106.0,72,6.0,True,Yes,True
486,CUST100712,45.0,,769.0,Contract,12Th,Married,Pune,Affluent,Home,785129.0,48,4.0,True,No,True
487,CUST101080,60.0,525488.0,724.0,Contract,Graduate,Single,Hyderabad,Premium,Auto,303043.0,48,6.0,True,Yes,True
488,CUST100545,60.0,634720.0,681.0,Contract,Graduate,Single,Mumbai,Mass,Education,687162.0,36,5.0,True,Yes,True
489,CUST100200,66.0,263536.0,571.0,Contract,Graduate,Married,Kolkata,Affluent,Auto,622490.0,48,,True,Yes,True
490,CUST100926,65.0,,738.0,Unknown,Graduate,Single,Delhi,Affluent,Home,137679.0,12,4.0,True,No,True
491,CUST101245,62.0,456901.0,745.0,Self-Employed,Postgraduate,Married,Chennai,Mass,Business,335670.0,12,4.0,True,Yes,True
492,CUST100783,26.0,1227878.0,837.0,Business,Graduate,Married,Jaipur,Mass,Business,522689.0,120,3.0,True,Yes,True
493,CUST101383,37.0,100.0,629.0,Salaried,12Th,Married,Pune,Mass,Business,268038.0,60,3.0,True,Yes,True
494,CUST100523,30.0,1458398.0,663.0,Contract,Diploma,Divorced,Chennai,Sme,Personal,386674.0,72,4.0,True,Yes,True
495,CUST100011,45.0,805870.0,745.0,Contract,Graduate,Single,Hyderabad,Premium,Education,957922.0,48,80.0,False,Yes,True
496,CUST100148,31.0,,691.0,,Graduate,Single,Mumbai,Mass,Home,606427.0,120,3.0,True,Yes,True
497,CUST100747,46.0,350550.0,,Salaried,Graduate,Single,Kolkata,Premium,Auto,595065.0,36,5.0,True,No,True
498,CUST100283,52.0,,778.0,Self-Employed,Graduate,Married,Bengaluru,Affluent,Personal,268509.0,84,4.0,True,Yes,True
499,CUST100299,34.0,552964.0,749.0,,Other,Married,Hyderabad,Mass,Personal,145716.0,84,6.0,True,Yes,True
500,CUST100637,32.0,,711.0,Business,Diploma,Married,Jaipur,Premium,Home,472112.0,72,13.0,True,No,True
501,CUST100292,33.0,1298907.0,821.0,Salaried,Graduate,Married,Mumbai,Mass,Business,422055.0,84,7.0,True,Yes,True
502,CUST100529,64.0,598617.0,705.0,Self-Employed,Graduate,Single,Mumbai,Mass,Auto,386351.0,120,2.0,True,No,True
503,CUST100620,27.0,586602.0,,Business,Graduate,Married,Hyderabad,Affluent,Business,270600.0,48,1.0,True,Yes,True
504,CUST101064,54.0,405424.0,796.0,Business,Postgraduate,Married,Pune,Premium,Home,300100.0,60,5.0,False,No,True
505,CUST101389,62.0,,764.0,,Graduate,Married,Bengaluru,Mass,Education,1290448.0,72,4.0,True,No,True
506,CUST101161,48.0,920487.0,729.0,Business,Other,Married,Hyderabad,Affluent,Business,403560.0,120,5.0,True,Yes,True
507,CUST100130,50.0,1034932.0,761.0,Salaried,Graduate,Married,Delhi,Mass,Business,146609.0,12,5.0,True,No,True
508,CUST100600,51.0,1150982.0,767.0,Business,Graduate,Married,Bengaluru,Mass,Home,1399292.0,12,8.0,True,No,True
509,CUST100332,38.0,589350.0,,Business,Graduate,Divorced,Hyderabad,Affluent,Business,542307.0,84,2.0,True,No,True
510,CUST100324,64.0,682592.0,764.0,Self-Employed,Graduate,Married,Kolkata,Affluent,Personal,233627.0,120,3.0,True,Yes,True
511,CUST100706,47.0,419675.0,771.0,Salaried,Graduate,Married,Chennai,Premium,Education,939847.0,72,6.0,True,Yes,True
512,CUST100515,66.0,760470.0,713.0,Salaried,Graduate,Married,Kolkata,Mass,Home,259030.0,84,2.0,True,Yes,True
513,CUST100629,44.0,,764.0,Business,12Th,Single,Jaipur,Sme,Auto,1973310.0,120,7.0,True,No,True
514,CUST100528,27.0,,686.0,Self-Employed,12Th,Married,Delhi,Mass,Auto,334016.0,24,5.0,True,Yes,True
515,CUST100533,28.0,443392.0,615.0,Contract,Graduate,Single ,Pune,Affluent,Home,216084.0,24,6.0,True,Yes,True
516,CUST101353,44.0,251553.0,738.0,Business,Graduate,Single,Chennai,Mass,Business,342720.0,60,4.0,True,No,True
517,CUST101237,21.0,1005100.0,730.0,Self-Employed,Graduate,Single ,Jaipur,Affluent,Auto,724166.0,84,5.0,True,No,True
518,CUST100159,44.0,618521.0,718.0,Business,Graduate,Single,Delhi,Affluent,Home,631446.0,36,6.0,False,Yes,True
519,CUST101042,61.0,447520.0,647.0,Business,Postgraduate,Single,Bengaluru,Affluent,Personal,212450.0,24,8.0,True,No,True
520,CUST100983,46.0,695655.0,696.0,Contract,Graduate,Married,Chennai,Mass,Home,521063.0,12,3.0,True,No,True
521,CUST100196,25.0,1132945.0,799.0,Self-Employed,Graduate,Married,Bengaluru,Mass,Auto,1026581.0,24,8.0,True,Yes,True
522,CUST101272,26.0,120000.0,656.0,Contract,Postgraduate,Single,Hyderabad,Mass,Business,753462.0,72,4.0,True,No,True
523,CUST101337,50.0,,,Salaried,12Th,Married,,Mass,Business,357363.0,84,6.0,True,Yes,True
524,CUST100411,29.0,423161.0,721.0,Salaried,Graduate, MARRIED ,Delhi,Mass,Personal,240287.0,48,10.0,True,No,True
525,CUST100097,32.0,535937.0,697.0,Self-Employed,Graduate,Single,,Premium,Auto,547486.0,120,4.0,True,Yes,True
526,CUST101068,51.0,,782.0,Salaried,Graduate,Single,Chennai,Affluent,Education,257860.0,36,6.0,True,Yes,True
527,CUST100157,26.0,646168.0,746.0,Salaried,,Married,Delhi,Premium,Auto,380328.0,12,5.0,False,Yes,True
528,CUST100420,44.0,651186.0,679.0,Self-Employed,Postgraduate,Married,Delhi,Sme,Education,413059.0,48,3.0,True,Yes,True
529,CUST101352,39.0,330846.0,764.0,Contract,Graduate,Married,Jaipur,Sme,Education,187261.0,24,4.0,True,No,True
530,CUST100478,21.0,416646.0,724.0,Self-Employed,Postgraduate,Married,Delhi,Affluent,Auto,738862.0,72,1.0,True,Yes,True
531,CUST100632,,851384.0,804.0,Contract,12Th,Married,Chennai,Mass,Home Loan,179398.0,60,4.0,True,Yes,False
532,CUST100671,65.0,470810.0,664.0,Contract,Graduate,Single,Pune,Premium,Education,240464.0,60,11.0,True,Yes,True
533,CUST101360,38.0,418934.0,632.0,Contract,12Th,Single,Jaipur,Sme,Personal,1460027.0,12,2.0,True,Yes,True
534,CUST100448,65.0,1543501.0,698.0,Business,Graduate,Married,Kolkata,Mass,Auto,644840.0,60,4.0,True,Yes,True
535,CUST100179,63.0,817976.0,675.0,Business,Diploma,Single,Pune,Premium,Auto,463360.0,12,6.0,True,No,True
536,CUST100391,56.0,1327328.0,612.0,Contract,Diploma,Married,Bengaluru,Premium,Auto,858877.0,72,5.0,True,No,True
537,CUST101322,33.0,892289.0,737.0,Business,Diploma,Married,Mumbai,Sme,Personal,958246.0,120,5.0,True,Yes,True
538,CUST100681,55.0,1146635.0,,Salaried,Graduate,Married,Bengaluru,Sme,Personal,608363.0,120,,False,No,True
539,CUST101273,64.0,726450.0,698.0,Business,12Th,Married,Delhi,Mass,Home,681760.0,36,9.0,True,approved,True
540,CUST101275,56.0,678001.0,804.0,Business,Graduate,Married,Kolkata,Mass,Business,268837.0,60,3.0,True,No,True
541,CUST101340,40.0,384669.0,664.0,Business,Graduate,Married,Delhi,Mass,Auto,450000.0,72,10.0,True,Yes,True
542,CUST100909,38.0,778215.0,120.0,Business,12Th,Married,Mumbai,Affluent,Personal,997263.0,48,2.0,False,Yes,True
543,CUST100901,21.0,857590.0,736.0,Business,Postgraduate,Married,Bengaluru,Mass,Home,369910.0,36,,True,Yes,True
544,CUST100818,,289179.0,709.0,Salaried,Postgraduate,Single,Kolkata,Premium,Auto,153194.0,24,9.0,True,Yes,False
545,CUST100789,46.0,1695578.0,698.0,Salaried,Graduate,Single,Delhi,Affluent,Business,,84,5.0,True,Yes,True
546,CUST100680,64.0,330385.0,765.0,Salaried,Graduate,Single,Mumbai,Mass,Personal,,120,5.0,True,No,True
547,CUST100295,46.0,393606.0,723.0,Salaried,Diploma,Married,Hyderabad,Mass,Home,1116815.0,60,2.0,True,Yes,True
548,CUST101348,53.0,639989.0,641.0,Salaried,Graduate,Married,Bengaluru,Premium,Business,229916.0,36,5.0,True,No,True
549,CUST100906,54.0,650000.0,750.0,Self-Employed,Graduate,Married,Mumbai,Mass,Business,246721.0,84,6.0,True,Yes,True
550,CUST100089,57.0,557689.0,795.0,Business,Other,Married,Hyderabad,Affluent,Auto,225214.0,12,10.0,True,No,True
551,CUST101286,23.0,1114162.0,817.0,Salaried,Graduate,Married,Bengaluru,Premium,Auto,848498.0,36,7.0,False,Yes,True
552,CUST100967,49.0,501990.0,654.0,,Diploma,Married,Mumbai,Affluent,Personal,1071962.0,24,5.0,True,pending,True
553,CUST100597,48.0,589668.0,624.0,Business,Graduate,Married,Kolkata,Mass,Personal,121992.0,36,4.0,True,Yes,True
554,CUST101182,64.0,1087024.0,766.0,Contract,12Th,Married,Bengaluru,Sme,Home,763336.0,12,3.0,True,Yes,True
555,CUST101422,67.0,,818.0,,Graduate,Married,Bengaluru,Affluent,Education,1053150.0,72,13.0,True,No,True
556,CUST100722,64.0,772828.0,793.0,Self-Employed,Graduate,Single,Hyderabad,Mass,Business,277758.0,60,5.0,True,Yes,True
557,CUST101209,34.0,985117.0,831.0,Business,Graduate,married,Mumbai,Sme,Education,344313.0,120,6.0,True,Yes,True
558,CUST100291,58.0,359338.0,678.0,Business,Postgraduate,Single ,Jaipur,Affluent,Home,355309.0,12,9.0,True,Yes,True
559,CUST101453,23.0,562921.0,750.0,Contract,12Th,Married,Hyderabad,Mass,Home,181246.0,36,8.0,True,Yes,True
560,CUST101193,29.0,847139.0,723.0,Business,Other,Married,Mumbai,Mass,Business,438806.0,24,3.0,True,Yes,True
561,CUST100349,29.0,1300667.0,603.0,Business,Postgraduate,Married,Kolkata,Mass,Education,195132.0,36,,True,No,True
562,CUST101001,58.0,1074578.0,,Salaried,Graduate,Single,Pune,Premium,Auto,504635.0,84,6.0,True,Yes,True
563,CUST101447,65.0,2507506.0,716.0,Business,Graduate,Married,Mumbai,Mass,Personal,918268.0,84,5.0,True,Yes,True
564,CUST100716,58.0,624479.0,545.0,Business,12Th,Married,Jaipur,Premium,Personal,,84,5.0,True,Yes,True
565,CUST101430,58.0,,,Self-Employed,Graduate,Single,Bengaluru,Mass,Auto,494150.0,120,9.0,True,Yes,True
566,CUST100621,41.0,443186.0,705.0,Self-Employed,Graduate,Married,Jaipur,Sme,Personal,173462.0,72,1.0,False,Yes,True
567,CUST100459,60.0,774915.0,605.0,Business,Graduate,Married,Pune,Mass,Home,703955.0,84,5.0,True,No,True
568,CUST100376,25.0,1170976.0,664.0,Salaried,Diploma,Single,Kolkata,Premium,Home,205176.0,120,7.0,True,No,True
569,CUST100334,60.0,2101980.0,586.0,Salaried,Post Graduate,Single,Pune,Mass,Home,553629.0,48,8.0,False,No,True
570,CUST101227,26.0,453019.0,689.0,Self-Employed,12Th,Single ,Kolkata,Affluent,Home Loan,1183589.0,48,5.0,True,Yes,True
571,CUST101356,44.0,350594.0,597.0,Contract,Postgraduate,Single,Jaipur,Mass,Home,904451.0,36,7.0,True,No,True
572,CUST100737,,1960148.0,748.0,Salaried,Postgraduate,Married,Hyderabad,Affluent,Education,537006.0,84,2.0,True,Yes,False
573,CUST101424,52.0,785410.0,675.0,Contract,Postgraduate,Married,Delhi,Mass,Auto,730634.0,24,1.0,True,Yes,True
574,CUST101274,52.0,1033033.0,730.0,Contract,Graduate,Single,Jaipur,Affluent,Education,145537.0,120,5.0,False,Yes,True
575,CUST100329,27.0,410868.0,607.0,Business,12Th,Married,Mumbai,Affluent,Education,1016743.0,84,2.0,True,No,True
576,CUST100319,65.0,956899.0,753.0,Self-Employed,Postgraduate,Single,Hyderabad,Mass,Personal,174457.0,120,3.0,True,Yes,True
578,CUST100990,58.0,600808.0,681.0,Business,Other,Married,Kolkata,Mass,Auto,582413.0,60,6.0,True,Yes,True
579,CUST100013,,845871.0,635.0,Salaried,Postgraduate,Single,Hyderabad,Mass,Education,208240.0,72,4.0,True,No,False
580,CUST100172,25.0,497334.0,759.0,Business,Postgraduate,Married,Chennai,Mass,Personal,239775.0,48,5.0,True,Yes,True
581,CUST100261,130.0,811910.0,828.0,Self-Employed,,Married,Chennai,Affluent,Personal,493393.0,60,4.0,True,Yes,True
582,CUST100853,66.0,765781.0,618.0,Self-Employed,12Th,Single,Pune,Mass,Education,384021.0,120,2.0,True,Yes,True
583,CUST100940,44.0,691395.0,672.0,Self-Employed,Other,Married,Pune,Affluent,Education,635746.0,120,6.0,True,Yes,True
584,CUST101262,64.0,496685.0,770.0,Salaried,Graduate,Married,Pune,Mass,Business,,12,7.0,True,No,True
585,CUST100139,37.0,256526.0,790.0,Salaried,Postgraduate,Married,Bengaluru,Mass,Personal,264729.0,84,5.0,True,Yes,True
586,CUST100550,52.0,864264.0,763.0,Self-Employed,Graduate,Married,Delhi,Premium,Home,288624.0,60,-5.0,True,Yes,True
587,CUST101141,62.0,890398.0,712.0,Business,12Th,Married,Kolkata,Affluent,Home,235290.0,12,9.0,True,No,True
588,CUST100880,50.0,389369.0,752.0,Contract,12Th,Married,Bengaluru,Affluent,Personal,212916.0,48,4.0,True,Yes,True
589,CUST100808,25.0,598955.0,631.0,Business,12Th,Married,Bengaluru,Mass,Personal,,48,8.0,True,No,True
590,CUST100559,58.0,773981.0,744.0,Self-Employed,12Th,Single,Chennai,Affluent,Auto,191671.0,48,5.0,True,Yes,True
591,CUST100140,41.0,895093.0,812.0,Salaried,Graduate,Married,Jaipur,Mass,Business,536426.0,72,5.0,True,Yes,True
592,CUST101342,27.0,1485795.0,722.0,Salaried,Postgraduate,Divorced,Bengaluru,Mass,Auto,,48,9.0,True,No,True
593,CUST100908,29.0,1394637.0,741.0,Contract,Graduate,Single,Jaipur,Mass,Business,,24,3.0,True,No,True
594,CUST100225,54.0,746850.0,766.0,Contract,Other,Single,Delhi,Mass,Education,405762.0,12,6.0,True,No,True
595,CUST101318,48.0,1048713.0,694.0,Salaried,Graduate,Married,Hyderabad,Premium,Business,291011.0,60,5.0,True,No,True
596,CUST100410,21.0,237507.0,712.0,Salaried,Graduate,Single,Jaipur,Mass,Auto,589761.0,24,5.0,True,Yes,True
597,CUST100326,31.0,430330.0,685.0,Salaried,Postgraduate,Married,Pune,Mass,Auto,,72,3.0,True,Yes,True
598,CUST100300,22.0,875180.0,609.0,Salaried,Graduate,Single,Bengaluru,Mass,Education,1074999.0,84,4.0,True,Yes,True
599,CUST101190,21.0,801105.0,712.0,Business,Graduate,Married,Mumbai,Mass,Personal,422282.0,24,7.0,True,No,True
600,CUST101094,39.0,647783.0,,Salaried,12Th,Married,Delhi,Affluent,Education,153165.0,60,8.0,True,Yes,True
601,CUST101006,64.0,681177.0,678.0,,Graduate,Single,Jaipur,Mass,Personal,364944.0,120,8.0,True,Yes,True
602,CUST101425,33.0,460182.0,698.0,Contract,Postgraduate,Married,Kolkata,Mass,Auto,912733.0,36,2.0,True,Yes,True
603,CUST100984,51.0,212894.0,783.0,,Other,Married,Mumbai,Mass,Auto,384045.0,36,5.0,True,No,True
604,CUST100907,40.0,210969.0,712.0,Business,Diploma,Married,Chennai,Mass,Auto,280476.0,24,1.0,True,Yes,True
605,CUST100574,23.0,233915.0,683.0,Salaried,Graduate,Married,Mumbai,Affluent,Education,317209.0,84,2.0,True,No,True
606,CUST100504,61.0,946339.0,726.0,Self-Employed,Graduate,Married,Jaipur,Premium,Education,248354.0,48,7.0,True,Yes,True
607,CUST100606,46.0,1034172.0,708.0,Business,Graduate,Single,Delhi,Affluent,Home,252704.0,24,6.0,True,Yes,True
608,CUST101121,21.0,490320.0,693.0,Contract,,Divorced,Kolkata,Mass,Home,950088.0,12,3.0,True,No,True
609,CUST100004,,316900.0,666.0,Contract,Other,Married,Kolkata,Premium,Auto,1015576.0,48,5.0,True,No,False
610,CUST101152,44.0,496362.0,620.0,Salaried,Graduate,Single,Kolkata,Affluent,Personal,141206.0,120,7.0,True,Yes,True
611,CUST100468,49.0,774600.0,700.0,Self-Employed,Postgraduate,Single,Delhi,Affluent,Personal,205276.0,24,6.0,True,Yes,True
612,CUST100322,26.0,1037368.0,740.0,Salaried,Graduate,Single,Kolkata,Mass,Education,454853.0,12,6.0,False,Yes,True
613,CUST100006,,1310728.0,730.0,Contract,Graduate,Single,Jaipur,Mass,Education,695470.0,48,6.0,True,Yes,False
614,CUST101011,33.0,622258.0,687.0,Salaried,Graduate,Divorced,Bengaluru,Mass,Education,1421364.0,84,3.0,True,Yes,True
615,CUST100548,48.0,893165.0,824.0,Self-Employed,12Th,Married,,Affluent,Auto,514208.0,24,5.0,True,Yes,True
616,CUST101069,36.0,751234.0,690.0,Salaried,Postgraduate,Divorced,Delhi,Mass,Auto,624195.0,84,5.0,True,Yes,True
617,CUST100040,50.0,803835.0,749.0,Self-Employed,,Single,Jaipur,Affluent,Business,,24,9.0,True,No,True
618,CUST100543,30.0,952363.0,682.0,Salaried,12Th,Married,Pune,Sme,Personal,707702.0,24,3.0,True,No,True
619,CUST100243,25.0,401757.0,705.0,Salaried,Diploma,Divorced,Bengaluru,Affluent,Home,246699.0,24,2.0,True,Yes,True
620,CUST100137,49.0,763973.0,724.0,Business,12Th,Married,Chennai,Mass,Home,837902.0,120,2.0,True,No,True
621,CUST101230,,1698388.0,713.0,Salaried,12Th,Married,Delhi,Premium,Personal,1060821.0,36,4.0,False,Yes,False
622,CUST101113,30.0,380184.0,598.0,Contract,12Th,Single,Bengaluru,Sme,Education,617888.0,24,6.0,True,Yes,True
623,CUST100803,45.0,580908.0,740.0,Business,12Th,Single,Pune,Mass,Auto,531842.0,12,6.0,True,Yes,True
624,CUST100701,45.0,585639.0,670.0,Salaried,Postgraduate,Married,Jaipur,Affluent,Personal,309169.0,12,4.0,True,Yes,True
625,CUST101092,42.0,252026.0,755.0,Business,Postgraduate,Married,Delhi,Premium,Auto,607688.0,48,4.0,True,Yes,True
626,CUST101415,,442989.0,704.0,Business,Graduate,Married,Jaipur,Sme,Auto,424350.0,24,7.0,True,Yes,False
627,CUST101400,35.0,941799.0,699.0,Self-Employed,Postgraduate,Married,Kolkata,Premium,Auto,2040786.0,12,7.0,True,No,True
628,CUST100582,60.0,238999.0,775.0,Business,Graduate,Married,Chennai,Premium,Business,,60,8.0,True,No,True
629,CUST100121,41.0,1621977.0,807.0,Salaried,Graduate,Single,Mumbai,Mass,Home,290934.0,72,6.0,True,Yes,True
630,CUST100819,,415900.0,663.0,Salaried,Diploma,Married,Hyderabad,Mass,Personal,165749.0,48,4.0,True,Yes,False
631,CUST101423,48.0,2380070.0,709.0,Business,Postgraduate,Married,Delhi,Sme,Home,2245555.0,12,4.0,True,No,True
632,CUST100377,55.0,1387115.0,792.0,Salaried,Graduate,Married,Mumbai,Premium,Business,303692.0,72,2.0,True,No,True
633,CUST100315,32.0,504502.0,704.0,Contract,Graduate,Single,Bengaluru,Affluent,Education,407540.0,84,10.0,True,Yes,True
634,CUST100443,27.0,575225.0,693.0,Business,Postgraduate,Married,Delhi,Affluent,Business,308899.0,84,4.0,True,Yes,True
635,CUST100320,57.0,,754.0,Self-Employed,Graduate,Single,Mumbai,Mass,Home,386989.0,12,,True,Yes,True
636,CUST101427,52.0,413429.0,803.0,Salaried,Graduate,Married,Bengaluru,Mass,Home Loan,529013.0,24,7.0,True,Yes,True
637,CUST101084,47.0,25000000.0,776.0,Business,Graduate,Married,Pune,Affluent,Home,607875.0,72,,True,No,True
638,CUST101256,24.0,940587.0,753.0,Business,Diploma,Married,Pune,Mass,Home,516385.0,12,5.0,True,Yes,True
639,CUST100425,40.0,654549.0,805.0,Self-Employed,Graduate,Married,Jaipur,Affluent,Auto,173690.0,120,6.0,True,Yes,True
640,CUST100554,35.0,777464.0,705.0,Self-Employed,Graduate,Married,Delhi,Mass,Business,718766.0,120,4.0,True,Yes,True
641,CUST100595,36.0,720000.0,715.0,Self-Employed,Graduate,Divorced,Hyderabad,Premium,Business,471831.0,36,4.0,True,Yes,True
642,CUST101462,35.0,727417.0,750.0,Contract,Diploma,Single,Jaipur,Affluent,Education,259650.0,72,2.0,True,Yes,True
643,CUST101293,41.0,891758.0,676.0,Contract,Diploma,Single,Delhi,Affluent,Home,180516.0,84,6.0,True,Yes,True
644,CUST100799,35.0,558742.0,738.0,Salaried,12Th,Single,Pune,Mass,Personal,,120,2.0,True,Yes,True
645,CUST101248,42.0,622932.0,597.0,Self-Employed,Postgraduate,Married,Chennai,Mass,Personal,1031881.0,72,8.0,True,Yes,True
646,CUST101357,37.0,639332.0,736.0,Business,Graduate,Married,Hyderabad,Premium,Unknown,368236.0,24,4.0,True,No,True
647,CUST100228,48.0,159220.0,687.0,Salaried,Other,Married,Jaipur,Affluent,Home,527555.0,36,1.0,True,Yes,True
648,CUST100119,32.0,1570137.0,,Self-Employed,Graduate,unknown,Chennai,Affluent,Auto,450226.0,48,3.0,True,Yes,True
649,CUST101280,61.0,1881389.0,752.0,,12Th,Married,Mumbai,Mass,Business,633007.0,84,10.0,True,No,True
650,CUST101294,,646827.0,782.0,Business,Other,Single,Mumbai,Affluent,Personal,324249.0,120,10.0,True,No,False
651,CUST101165,45.0,247939.0,710.0,Salaried,Post Graduate,Single,Chennai,Mass,Business,540042.0,48,80.0,True,Yes,True
652,CUST100067,63.0,663942.0,758.0,Self-Employed,12Th,Single,Hyderabad,Mass,Auto,186186.0,24,6.0,True,Yes,True
653,CUST100394,49.0,579151.0,691.0,Salaried,Graduate,Single,Kolkata,Mass,Personal,112262.0,72,2.0,True,Yes,True
654,CUST100580,25.0,408954.0,,Business,Graduate,Single,Mumbai,Mass,Personal,493039.0,36,6.0,True,Yes,True
655,CUST100025,57.0,681645.0,746.0,Contract,12Th,Single,Pune,Affluent,Personal,,12,9.0,True,No,True
656,CUST100212,54.0,,779.0,Contract,Graduate,Single,Delhi,Affluent,Business,606152.0,84,6.0,True,Yes,True
657,CUST101188,49.0,697629.0,819.0,Contract,Diploma,Married,Mumbai,Mass,Business,472692.0,36,5.0,True,Yes,True
658,CUST100812,62.0,754066.0,750.0,Self-Employed,12Th,Married,Delhi,Affluent,Personal,465835.0,24,4.0,True,No,True
659,CUST100537,42.0,942683.0,755.0,Contract,Graduate,Married,Mumbai,Affluent,Education,1035918.0,12,3.0,True,Yes,True
660,CUST100742,56.0,459050.0,713.0,Contract,,M,Pune,Sme,Education,120000000.0,84,4.0,True,Yes,True
661,CUST101495,,428844.0,667.0,Self-Employed,Postgraduate,Married,Kolkata,Affluent,Personal,167019.0,12,4.0,True,Yes,False
662,CUST100086,53.0,1102089.0,684.0,Self-Employed,Postgraduate,Single,Mumbai,Mass,Personal,,48,4.0,True,Yes,True
663,CUST101384,63.0,941498.0,805.0,Contract,Diploma,Married,Pune,Mass,Education,695044.0,36,3.0,True,Yes,True
664,CUST100273,28.0,1538049.0,762.0,Self-Employed,12Th,Single,Jaipur,Mass,Home,698870.0,24,3.0,True,Yes,True
665,CUST100953,49.0,693556.0,776.0,Contract,Postgraduate,Married,Kolkata,Mass,Education,770708.0,12,5.0,True,Yes,True
666,CUST101202,43.0,1064103.0,708.0,Self-Employed,Graduate,Married,Bengaluru,Affluent,Home Loan,421929.0,60,6.0,True,Yes,True
667,CUST101385,39.0,568344.0,719.0,Salaried,Postgraduate,Married,Hyderabad,Mass,Auto,448925.0,48,6.0,True,Yes,True
668,CUST100631,55.0,575701.0,705.0,Business,Postgraduate,Married,Mumbai,Mass,Home,564152.0,60,4.0,True,Yes,True
669,CUST101054,66.0,1474238.0,692.0,Self-Employed,Graduate,Divorced,Mumbai,Mass,Personal,213507.0,72,9.0,True,Yes,True
670,CUST101434,47.0,387881.0,760.0,Contract,Graduate,Divorced,Delhi,Affluent,Auto,164978.0,72,3.0,True,No,True
672,CUST100274,,,668.0,Business,Postgraduate,Married,Bengaluru,Affluent,Auto,260167.0,60,7.0,True,Yes,False
673,CUST100731,55.0,555968.0,642.0,Self-Employed,Postgraduate,Married,Kolkata,Affluent,Business,525357.0,60,2.0,True,No,True
674,CUST100363,31.0,800005.0,710.0,Salaried,Graduate,Married,Chennai,Premium,Education,125342.0,48,,True,Yes,True
675,CUST100623,28.0,802465.0,751.0,Contract,Postgraduate,Married,Kolkata,Mass,Home,144540.0,120,6.0,True,No,True
676,CUST100003,,217504.0,720.0,Business,Diploma,Married,Mumbai,Sme,Personal,260387.0,24,5.0,True,No,False
677,CUST100007,25.0,744426.0,724.0,Contract,12Th,Married,Bengaluru,Mass,Education,584284.0,72,6.0,True,Yes,True
678,CUST100312,52.0,716447.0,749.0,Business,Postgraduate,Married,Pune,Mass,Personal,173520.0,48,6.0,False,Yes,True
679,CUST101271,38.0,784087.0,640.0,Salaried,Graduate,Married,Hyderabad,Affluent,Personal,1406006.0,120,6.0,True,Yes,True
680,CUST100666,53.0,680059.0,120.0,Contract,Graduate,Married,Delhi,Premium,Personal,116706.0,72,1.0,True,No,True
681,CUST101498,57.0,620110.0,743.0,Business,Graduate,Married,Hyderabad,Mass,Business,2364941.0,120,2.0,True,Yes,True
683,CUST100216,33.0,862603.0,656.0,Self-Employed,Graduate,Married,Bengaluru,Sme,Home,480314.0,84,10.0,False,Yes,True
684,CUST101263,41.0,659759.0,775.0,Self-Employed,Graduate,Single,Pune,Affluent,Auto,513671.0,120,3.0,True,No,True
685,CUST100028,59.0,832801.0,669.0,Contract,Diploma,Single,Hyderabad,Mass,Business,780475.0,12,5.0,True,Yes,True
686,CUST101104,28.0,885684.0,763.0,Self-Employed,Graduate,Married,Mumbai,Mass,Education,125421.0,120,3.0,True,Yes,True
687,CUST100902,22.0,,727.0,Self-Employed,Graduate,unknown,Kolkata,Mass,Auto,,48,8.0,True,Yes,True
688,CUST100702,49.0,587841.0,729.0,Salaried,Postgraduate, MARRIED ,Kolkata,Affluent,Education,1236101.0,48,8.0,True,Yes,True
689,CUST100639,-3.0,533794.0,694.0,Salaried,Graduate,Single,Hyderabad,Affluent,Home,,120,6.0,True,Yes,False
690,CUST100778,26.0,374253.0,860.0,Business,Graduate,Married,Chennai,Mass,Business,344600.0,12,6.0,True,No,True
691,CUST100860,58.0,767333.0,,Self-Employed,Graduate,Single,Jaipur,Affluent,Business,556519.0,24,8.0,True,Yes,True
692,CUST100625,49.0,396003.0,674.0,Business,Graduate,Married,Delhi,Mass,Auto,,60,5.0,True,Yes,True
693,CUST101169,67.0,307229.0,619.0,Salaried,12Th,Single,Chennai,Sme,Business,222767.0,84,6.0,True,No,True
694,CUST100257,52.0,1104578.0,589.0,Salaried,Other,Single,Delhi,Mass,Personal,696030.0,24,8.0,True,No,True
695,CUST100026,51.0,1016148.0,677.0,Contract,12Th,Married,Mumbai,Mass,Business,426499.0,72,7.0,True,Yes,True
696,CUST100337,66.0,698473.0,585.0,Business,Graduate,Single,Jaipur,Mass,Business,151348.0,72,4.0,True,Yes,True
697,CUST100573,34.0,537849.0,666.0,Self-Employed,Other,Married,Pune,Affluent,Auto,386228.0,12,4.0,True,Yes,True
698,CUST100048,,497701.0,702.0,Self-Employed,Diploma,Married,Chennai,Affluent,Education,131349.0,72,8.0,True,Yes,False
699,CUST100107,57.0,659718.0,577.0,Salaried,Graduate,Married,Pune,Mass,Personal,1445290.0,72,,True,No,True
700,CUST100350,28.0,626307.0,744.0,Self-Employed,12Th,Divorced,Pune,Mass,Personal,837689.0,12,10.0,True,Yes,True
701,CUST100056,23.0,720000.0,525.0,Self-Employed,Diploma,Single,Mumbai,Affluent,Business,1267132.0,72,4.0,True,Yes,True
702,CUST101487,28.0,522183.0,704.0,,Other,Divorced,Jaipur,Mass,Education,597042.0,72,2.0,True,Yes,True
703,CUST100214,42.0,1433281.0,721.0,Self-Employed,Postgraduate,Married,Jaipur,Affluent,Home,315227.0,84,7.0,True,Yes,True
705,CUST100905,42.0,712895.0,730.0,Contract,Graduate,Single,Bengaluru,Mass,Education,1420777.0,48,5.0,True,No,True
706,CUST101058,57.0,719166.0,584.0,Salaried,Postgraduate,Married,Kolkata,Premium,Business,293237.0,84,,False,Yes,True
707,CUST100073,42.0,830775.0,790.0,Salaried,Graduate,Single,Hyderabad,Mass,Business,290330.0,12,4.0,True,Yes,True
708,CUST100810,67.0,874164.0,,Self-Employed,Postgraduate,Married,Chennai,Mass,Auto,368492.0,24,5.0,True,No,True
709,CUST100746,38.0,662682.0,616.0,Salaried,Diploma,Married,Delhi,Premium,Education,174836.0,36,9.0,True,No,True
710,CUST100046,66.0,276121.0,0.0,Business,Other,unknown,Chennai,Premium,Auto,877671.0,48,1.0,True,Yes,True
711,CUST101296,45.0,701650.0,696.0,Business,Graduate,Divorced,Chennai,Affluent,Home,655066.0,24,5.0,True,Yes,True
712,CUST100524,59.0,503762.0,605.0,Contract,Graduate,Married,Jaipur,Mass,Home,323456.0,48,8.0,False,No,True
713,CUST100904,62.0,1142776.0,749.0,Contract,,Single,Kolkata,Sme,Home,1408718.0,84,7.0,True,Yes,True
714,CUST100821,22.0,573490.0,793.0,Self-Employed,Diploma,Single,Mumbai,Affluent,Auto,191000.0,12,4.0,True,Yes,True
715,CUST100899,24.0,759377.0,664.0,Contract,Postgraduate,Married,Pune,Premium,Personal,680856.0,60,4.0,True,No,True
716,CUST101062,53.0,680470.0,763.0,Salaried,Postgraduate,Single,Bengaluru,Premium,Business,356072.0,120,2.0,True,Yes,True
717,CUST100534,34.0,751385.0,722.0,Salaried,Graduate,married,Chennai,Mass,Business,171730.0,12,8.0,True,No,True
718,CUST101164,45.0,682435.0,674.0,Salaried,Diploma,Single,Kolkata,Affluent,Personal,583677.0,24,7.0,True,Yes,True
719,CUST100604,27.0,306982.0,651.0,Salaried,Other,Single,Kolkata,Mass,Business,414392.0,48,6.0,True,No,True
720,CUST100466,66.0,335730.0,724.0,Contract,12Th,Single,Bengaluru,High Value,Auto,620079.0,60,3.0,True,Yes,True
721,CUST100848,23.0,702581.0,742.0,Contract,Postgraduate,Married,Pune,Affluent,Auto,413964.0,36,5.0,False,Yes,True
722,CUST101310,61.0,516716.0,708.0,Self-Employed,12Th,Single,Jaipur,Mass,Education,190914.0,48,6.0,True,Yes,True
723,CUST100807,46.0,1155469.0,,Contract,12Th,Single,Hyderabad,Affluent,Education,527096.0,48,5.0,True,Yes,True
724,CUST100985,48.0,728253.0,742.0,Self-Employed,Postgraduate,Single,Pune,Premium,Business,268819.0,48,9.0,True,Yes,True
725,CUST100061,64.0,,792.0,Contract,Postgraduate,Single,,Premium,Auto,302630.0,48,4.0,True,Yes,True
726,CUST100922,47.0,827522.0,903.0,Salaried,Postgraduate,Married,Delhi,Premium,Home,355150.0,120,3.0,True,Yes,True
727,CUST100093,60.0,733888.0,800.0,Contract,Postgraduate,Married,Pune,Premium,Education,352742.0,48,5.0,True,Yes,True
728,CUST100667,44.0,1183671.0,747.0,Business,,Single,Bengaluru,Mass,Unknown,458230.0,24,5.0,True,No,True
730,CUST100195,66.0,1044117.0,784.0,Salaried,Postgraduate,Single,Pune,Premium,Education,915554.0,36,8.0,True,Yes,True
731,CUST100281,42.0,631764.0,749.0,Business,Graduate,Single,Mumbai,Mass,Education,654555.0,36,6.0,True,No,True
732,CUST100696,32.0,431789.0,836.0,Business,Graduate,Married,Jaipur,Affluent,Auto,,72,4.0,True,Yes,True
733,CUST100360,56.0,1294547.0,800.0,Salaried,Diploma,Married,Delhi,Affluent,Business,196212.0,24,12.0,True,Yes,True
734,CUST100520,,1369053.0,801.0,Self-Employed,Postgraduate,Married,Mumbai,Affluent,Home,246775.0,60,5.0,True,Yes,False
735,CUST100845,21.0,413917.0,697.0,Self-Employed,Graduate,Married,Pune,Mass,Personal,341237.0,120,2.0,True,Yes,True
736,CUST100797,,461200.0,676.0,Contract,Postgraduate,Married,Kolkata,Affluent,Personal,1021283.0,60,7.0,True,No,False
737,CUST100183,44.0,605588.0,732.0,Salaried,Postgraduate,Married,Jaipur,Affluent,Auto,,120,,True,No,True
738,CUST101049,52.0,418405.0,696.0,Business,Postgraduate,Single,Delhi,Mass,Personal,633519.0,48,0.0,True,No,True
739,CUST100111,34.0,786050.0,659.0,Contract,Graduate,Married,Hyderabad,Premium,Auto,877893.0,24,7.0,True,No,True
740,CUST100043,53.0,927209.0,724.0,Contract,Graduate,Single,Delhi,Mass,Business,389014.0,120,3.0,True,Yes,True
741,CUST101345,29.0,560395.0,801.0,Self-Employed,Graduate,Single,Pune,Premium,Business,513125.0,12,7.0,True,No,True
742,CUST100205,42.0,600172.0,,Business,Postgraduate,Single,Pune,Affluent,Business,546194.0,60,4.0,True,No,True
743,CUST101308,32.0,186432.0,,Self-Employed,Diploma,Single,Pune,Mass,Business,474441.0,36,7.0,True,No,True
744,CUST100053,38.0,734709.0,754.0,Business,Other,Married,Jaipur,Mass,Business,1343077.0,60,6.0,True,Yes,True
745,CUST100546,23.0,614945.0,672.0,Self-Employed,Graduate,Single,Bengaluru,Mass,Education,214609.0,120,5.0,True,No,True
746,CUST100069,24.0,386606.0,775.0,Contract,Postgraduate,Single,Mumbai,High Value,Business,312927.0,84,2.0,False,Yes,True
747,CUST100931,46.0,509690.0,732.0,Salaried,Graduate,Single,Chennai,Affluent,Business,371493.0,48,6.0,True,Yes,True
748,CUST101025,59.0,50.0,745.0,Contract,Graduate,Married,Chennai,Unknown,Personal,980802.0,60,2.0,True,No,True
749,CUST100781,62.0,495294.0,792.0,Salaried,Postgraduate,Married,Hyderabad,Premium,Auto,161804.0,72,5.0,True,No,True
750,CUST100184,53.0,1393181.0,672.0,Salaried,Graduate,Married,Chennai,Mass,Education,364344.0,48,8.0,True,Yes,True
751,CUST100138,22.0,797081.0,735.0,Self-Employed,Graduate,Single,Hyderabad,Premium,Home,444546.0,24,3.0,True,Yes,True
752,CUST101051,44.0,523380.0,782.0,Self-Employed,Postgraduate,Married,Chennai,Affluent,Education,479270.0,60,3.0,True,Yes,True
753,CUST100081,65.0,433265.0,685.0,Business,Diploma,Single,Mumbai,Affluent,Auto,285383.0,24,3.0,True,Yes,True
754,CUST101243,66.0,570746.0,633.0,Salaried,Graduate,Married,Delhi,Mass,Auto,191199.0,84,2.0,True,No,True
755,CUST100106,,659146.0,747.0,Salaried,Postgraduate,Single,,Affluent,Auto,,48,5.0,True,Yes,False
756,CUST100542,23.0,681115.0,615.0,Business,12Th,Single,Bengaluru,Premium,Personal,193272.0,120,7.0,True,Yes,True
757,CUST100765,37.0,944093.0,633.0,Contract,Postgraduate,Divorced,Hyderabad,Mass,Auto,506862.0,48,4.0,True,Yes,True
758,CUST100481,34.0,344520.0,768.0,Self-Employed,Graduate,Married,Jaipur,Affluent,Home,469180.0,12,3.0,False,Yes,True
759,CUST100166,59.0,,677.0,Self-Employed,Graduate,Married,Chennai,Mass,Business,316551.0,48,6.0,True,Yes,True
760,CUST100249,57.0,1012992.0,756.0,Contract,Diploma,Single,Delhi,Mass,Education,867274.0,36,11.0,True,Yes,True
761,CUST100308,47.0,661349.0,692.0,Self-Employed,,Married,Pune,Mass,Auto,308545.0,72,9.0,True,Yes,True
762,CUST100447,35.0,2114420.0,690.0,Self-Employed,Graduate,Married,Mumbai,Premium,Auto,472803.0,84,4.0,True,approved,True
763,CUST100773,21.0,482101.0,711.0,Business,Graduate,Married,Mumbai,Mass,Personal,1141156.0,48,5.0,False,Yes,True
764,CUST100335,42.0,335580.0,739.0,Business,Graduate,Married,Kolkata,Sme,Education,299665.0,60,3.0,True,No,True
765,CUST100098,53.0,730802.0,740.0,Salaried,Graduate,Married,Jaipur,Sme,Personal,450000.0,84,3.0,True,Yes,True
766,CUST100788,53.0,636681.0,781.0,Salaried,Graduate,Married,Delhi,Mass,Education,815476.0,48,7.0,True,No,True
767,CUST100738,36.0,,722.0,Business,Diploma,Married,Bengaluru,Mass,Education,180819.0,24,3.0,True,Yes,True
768,CUST101454,32.0,362492.0,595.0,Self-Employed,Diploma,Married,Mumbai,Premium,Auto,411345.0,24,7.0,True,No,True
769,CUST100870,22.0,522340.0,775.0,Contract,Other,Single,Jaipur,Mass,Personal,557653.0,72,6.0,True,No,True
770,CUST100980,47.0,716742.0,689.0,Self-Employed,Graduate,Single,Delhi,Premium,Unknown,206510.0,84,4.0,True,No,True
771,CUST100103,58.0,372104.0,786.0,Self-Employed,Graduate,Divorced,Pune,Affluent,Home,154218.0,60,4.0,True,Yes,True
772,CUST100435,41.0,908618.0,714.0,Business,12Th,Married,Chennai,Affluent,Auto,187790.0,84,8.0,True,No,True
773,CUST100075,53.0,275711.0,787.0,Salaried,,Married,Bengaluru,Affluent,Auto,473413.0,12,8.0,True,Yes,True
774,CUST101375,62.0,680193.0,692.0,Salaried,Graduate,Married,Hyderabad,Mass,Business,542286.0,48,3.0,True,No,True
775,CUST101106,29.0,898201.0,733.0,Business,Postgraduate,Married,Mumbai,Unknown,Education,486545.0,24,3.0,True,Yes,True
776,CUST101394,55.0,715005.0,,Self-Employed,Graduate,Single,Kolkata,Mass,Education,262235.0,72,6.0,True,No,True
777,CUST100303,21.0,,702.0,Business,Graduate,Married,Mumbai,Mass,Personal,699661.0,36,3.0,True,Yes,True
778,CUST101326,29.0,,675.0,Salaried,Diploma,Divorced,Kolkata,Mass,Home,716554.0,24,4.0,True,No,True
779,CUST101451,,432066.0,745.0,Business,12Th,Married,Pune,Affluent,Business,236654.0,120,7.0,True,Yes,False
780,CUST101254,58.0,1467527.0,749.0,Self-Employed,Postgraduate,Married,Hyderabad,Affluent,Auto,508701.0,36,,True,Yes,True
781,CUST100763,65.0,686752.0,703.0,Salaried,Graduate,Divorced,Hyderabad,Mass,Auto,60668.0,36,9.0,True,Yes,True
782,CUST100734,57.0,537675.0,559.0,Self-Employed,Graduate,Single,Mumbai,Mass,Personal,448673.0,84,9.0,True,No,True
783,CUST100389,62.0,1215224.0,766.0,Self-Employed,12Th,Single,Kolkata,Affluent,Home,241234.0,12,5.0,True,Yes,True
784,CUST100236,54.0,1254926.0,721.0,Salaried,Graduate,Married,Pune,Mass,Personal,228715.0,12,7.0,True,Yes,True
785,CUST101277,51.0,752059.0,777.0,Contract,Post Graduate,Married,,Premium,Education,6684552.0,48,3.0,True,Yes,True
786,CUST100268,37.0,761943.0,,,Graduate,Married,Hyderabad,Sme,Business,656443.0,60,7.0,True,Yes,True
787,CUST100306,,545685.0,757.0,Self-Employed,,Married,Delhi,Affluent,Home,1230051.0,60,5.0,True,Yes,False
788,CUST100820,67.0,1345915.0,711.0,Business,Graduate,Single,Mumbai,Mass,Education,342926.0,120,7.0,True,No,True
789,CUST100118,27.0,1289700.0,767.0,Self-Employed,Postgraduate,Married,Mumbai,Mass,Auto,,84,6.0,True,Yes,True
790,CUST101401,61.0,848476.0,735.0,Contract,,Married,Mumbai,Premium,Business,471314.0,120,7.0,True,Yes,True
791,CUST100674,25.0,811459.0,674.0,Self-Employed,12Th,Married,Bengaluru,Premium,Personal,1521684.0,36,6.0,True,Yes,True
792,CUST100250,22.0,660889.0,716.0,Business,Graduate,Married,Hyderabad,High Value,Education,282497.0,120,5.0,True,No,True
793,CUST101117,67.0,722251.0,700.0,Business,Postgraduate,Married,Delhi,Mass,Education,707042.0,36,5.0,True,No,True
794,CUST101101,43.0,236342.0,615.0,Business,12Th,Divorced,Jaipur,Mass,Home,254888.0,48,7.0,True,No,True
795,CUST100072,29.0,356674.0,786.0,Business,Graduate,Married,Bengaluru,Mass,Personal,335608.0,84,3.0,True,Yes,True
796,CUST100095,63.0,480824.0,746.0,,12Th,Married,Pune,Mass,Auto,493683.0,60,9.0,True,No,True
797,CUST100882,61.0,1119529.0,683.0,Salaried,Other,Single,Pune,Premium,Home,337863.0,36,3.0,True,No,True
798,CUST100034,47.0,1737800.0,,Salaried,Graduate,Single,Chennai,Mass,Auto,500.0,48,7.0,True,No,True
799,CUST100800,41.0,,588.0,Salaried,Postgraduate,unknown,Chennai,Mass,Auto,261712.0,84,3.0,True,Yes,True
801,CUST100449,45.0,533433.0,714.0,Salaried,Postgraduate,Single,Bengaluru,Mass,Home,485099.0,12,3.0,True,No,True
802,CUST100446,52.0,429993.0,722.0,Contract,Diploma,Married,Delhi,Premium,Education,241905.0,84,3.0,True,No,True
803,CUST100772,67.0,642961.0,816.0,Business,Postgraduate,Married,Delhi,Mass,Home,539908.0,48,6.0,True,Yes,True
804,CUST100717,45.0,526251.0,,Salaried,12Th,Divorced,Kolkata,Affluent,Education,1176304.0,60,8.0,True,No,True
805,CUST100923,41.0,204016.0,701.0,Business,Other,Married,Chennai,Mass,Auto,369629.0,120,4.0,True,Yes,True
806,CUST101171,50.0,1062881.0,648.0,Self-Employed,Graduate,unknown,Bengaluru,Premium,Auto,100.0,60,4.0,False,Yes,True
807,CUST100937,28.0,783241.0,120.0,Contract,Graduate,Married,Kolkata,Mass,Home,266100.0,120,,True,Yes,True
808,CUST101056,67.0,749564.0,645.0,Contract,Graduate,Married,Bengaluru,Affluent,Personal,324909.0,84,4.0,False,Yes,True
809,CUST100078,31.0,1080738.0,668.0,Business,Postgraduate,Single,Jaipur,Mass,Home Loan,813387.0,36,1.0,True,Yes,True
810,CUST100085,50.0,1205791.0,738.0,Salaried,,Single,Pune,Mass,Personal,575520.0,72,5.0,True,No,True
811,CUST100868,60.0,1021983.0,659.0,Contract,12Th,Single,Mumbai,Premium,Home,366333.0,12,3.0,True,No,True
812,CUST100083,28.0,766920.0,544.0,Business,Graduate,Married,Mumbai,Affluent,Home,,24,1.0,True,No,True
813,CUST100458,50.0,698066.0,747.0,Self-Employed,Graduate,Single,Jaipur,Mass,Business,683093.0,12,2.0,True,Yes,True
814,CUST101472,53.0,415739.0,710.0,Contract,12Th,Married,Pune,Affluent,Personal,333357.0,24,5.0,True,No,True
815,CUST100677,48.0,868047.0,776.0,Self-Employed,Graduate,Married,Kolkata,Premium,Home,237862.0,12,5.0,True,No,True
816,CUST101066,39.0,1163463.0,778.0,Unknown,Postgraduate,Divorced,Hyderabad,Affluent,Education,274339.0,60,10.0,True,Yes,True
817,CUST101099,22.0,819983.0,785.0,Contract,Graduate,Married,Kolkata,Affluent,Education,565732.0,60,5.0,True,Yes,True
818,CUST100437,,650418.0,732.0,Self-Employed,Graduate,Single,Jaipur,Mass,Personal,686261.0,36,4.0,True,Yes,False
819,CUST100771,51.0,483549.0,755.0,Contract,12Th,Married,Hyderabad,Affluent,Education,202326.0,36,8.0,True,Yes,True
820,CUST100645,57.0,541706.0,648.0,Business,Graduate,Married,Mumbai,High Value,Home,464788.0,60,7.0,False,Yes,True
821,CUST100856,60.0,354612.0,662.0,Salaried,Graduate,Married,Kolkata,Affluent,Education,466673.0,60,5.0,True,Yes,True
822,CUST100943,63.0,618746.0,749.0,Contract,Graduate,Married,Chennai,Premium,Auto,582157.0,60,6.0,True,Yes,True
823,CUST101223,66.0,360529.0,719.0,Self-Employed,Graduate,Married,Jaipur,Mass,Business,,24,3.0,True,No,True
824,CUST101146,43.0,700955.0,636.0,Salaried,Graduate,Single,Pune,Premium,Personal,655841.0,12,,True,Yes,True
825,CUST100405,,595004.0,681.0,Salaried,Graduate,Married,Pune,Mass,Auto,606266.0,48,3.0,True,No,False
826,CUST101336,67.0,859941.0,699.0,Self-Employed,Postgraduate,Single,Chennai,Premium,Home,178829.0,60,5.0,True,Yes,True
827,CUST100971,35.0,502835.0,627.0,Salaried,Graduate,Single,Mumbai,Mass,Auto,238193.0,12,3.0,True,Yes,True
828,CUST101222,46.0,680270.0,718.0,Salaried,Diploma,Married,Jaipur,Premium,Personal,251968.0,48,3.0,True,No,True
829,CUST100105,58.0,265944.0,,Self-Employed,12Th,Married,Kolkata,Affluent,Personal,363973.0,12,3.0,True,No,True
830,CUST100610,61.0,,870.0,Contract,Graduate,Married,Hyderabad,Affluent,Home,363432.0,12,6.0,True,No,True
831,CUST100865,60.0,613805.0,686.0,Business,Postgraduate,Married,Pune,Affluent,Education,677797.0,12,8.0,False,Yes,True
832,CUST100689,41.0,647262.0,,Self-Employed,Postgraduate,Single,Delhi,Sme,Education,298381.0,84,5.0,True,Yes,True
833,CUST100986,,1620302.0,694.0,Business,Postgraduate,Single,Delhi,Affluent,Business,183992.0,12,7.0,True,No,False
834,CUST100827,52.0,276502.0,745.0,Self-Employed,Graduate,Married,Pune,Affluent,Auto,586711.0,120,1.0,True,Yes,True
835,CUST100969,64.0,607348.0,693.0,Self-Employed,12Th,Married,Hyderabad,Mass,Personal,349022.0,36,5.0,True,Yes,True
836,CUST100063,38.0,1540407.0,784.0,Contract,Postgraduate,Single,Delhi,Mass,Personal,679061.0,24,2.0,True,Yes,True
837,CUST100282,43.0,458021.0,730.0,Salaried,Graduate,Single,Kolkata,Premium,Home,289980.0,120,4.0,True,Yes,True
838,CUST100779,33.0,650000.0,766.0,Contract,Diploma,Single,Delhi,Mass,Home,353083.0,84,4.0,False,Yes,True
839,CUST101038,21.0,1930321.0,817.0,Business,Postgraduate,Married,Pune,Affluent,Personal,373344.0,24,2.0,True,Yes,True
840,CUST100239,,649401.0,601.0,Salaried,Graduate,Married,Chennai,Affluent,Education,641414.0,120,4.0,True,No,False
841,CUST100224,30.0,,761.0,Business,Graduate,Married,Delhi,Affluent,Personal,252283.0,72,,True,Yes,True
842,CUST100146,61.0,968615.0,807.0,Self Employed,Graduate,Married,Kolkata,Mass,Home,882230.0,48,4.0,True,No,True
843,CUST101433,29.0,432912.0,768.0,Contract,Postgraduate,Single,Delhi,Affluent,Education,544096.0,60,5.0,True,Yes,True
844,CUST100374,38.0,708781.0,759.0,Self-Employed,Diploma,Married,Jaipur,Mass,Personal,174703.0,12,4.0,True,No,True
845,CUST101259,46.0,1384386.0,,Contract,12Th,Single,Jaipur,Affluent,Home,602903.0,84,7.0,True,No,True
848,CUST100251,29.0,567494.0,686.0,Salaried,Postgraduate,Married,Mumbai,Affluent,Auto,764082.0,84,4.0,True,Yes,True
849,CUST101480,40.0,439899.0,639.0,Contract,12Th,Married,Delhi,Mass,Auto,366932.0,24,5.0,True,Yes,True
851,CUST101329,52.0,,668.0,Contract,Graduate,Single ,Jaipur,Mass,Unknown,,60,4.0,True,Yes,True
852,CUST100010,,379781.0,732.0,Salaried,Diploma,Married,Chennai,Premium,Home,772599.0,84,8.0,True,No,False
853,CUST100450,34.0,545909.0,674.0,Self-Employed,Diploma,Divorced,Chennai,Premium,Education,569047.0,48,3.0,True,Yes,True
854,CUST100919,32.0,652589.0,748.0,Self-Employed,Graduate,Single,Mumbai,Premium,Personal,,60,4.0,True,No,True
855,CUST100709,43.0,889989.0,631.0,Business,Graduate,Married,Bengaluru,Premium,Personal,457839.0,60,,True,Yes,True
856,CUST100256,27.0,394260.0,,Self-Employed,Postgraduate,Divorced,Hyderabad,Premium,Business,,60,0.0,True,Yes,True
857,CUST100594,67.0,789082.0,682.0,Self-Employed,Postgraduate,Married,Pune,Mass,Business,917146.0,36,10.0,True,No,True
858,CUST100390,28.0,972897.0,632.0,Self-Employed,Postgraduate,Married,Chennai,Mass,Education,232201.0,120,8.0,True,Yes,True
859,CUST100995,45.0,399768.0,778.0,Business,Graduate,Single,Kolkata,Mass,Home,312937.0,120,3.0,True,pending,True
860,CUST101231,59.0,667841.0,617.0,Business,12Th,Single,Bengaluru,Mass,Personal,992322.0,24,7.0,True,Yes,True
861,CUST100558,62.0,1414606.0,686.0,Contract,Graduate,Divorced,Chennai,Mass,Business,319903.0,24,3.0,True,Yes,True
862,CUST101320,39.0,748729.0,665.0,Salaried,Postgraduate,Single,Kolkata,Mass,Home,,24,3.0,True,No,True
863,CUST100874,26.0,457957.0,666.0,Business,Graduate,Single,Kolkata,Mass,Home,644069.0,24,9.0,True,Yes,True
864,CUST100461,54.0,344860.0,791.0,Contract,Postgraduate,Married,Jaipur,Sme,Business,440150.0,84,9.0,True,Yes,True
865,CUST100724,26.0,,697.0,Business,Other,Married,Jaipur,Mass,Business,455102.0,120,7.0,True,Yes,True
866,CUST101416,57.0,549078.0,635.0,Salaried,,Single,Delhi,Affluent,Business,185995.0,72,5.0,True,Yes,True
867,CUST100145,67.0,465955.0,872.0,Contract,Postgraduate,Married,Pune,Mass,Home,529361.0,12,2.0,True,Yes,True
869,CUST101215,24.0,339993.0,636.0,Business,12Th,Married,Jaipur,Affluent,Home,574817.0,48,,True,No,True
870,CUST100740,63.0,771615.0,836.0,Business,Postgraduate,Married,Bengaluru,Mass,Personal,501278.0,12,1.0,True,No,True
871,CUST101419,61.0,757587.0,730.0,Business,Graduate,Married,Mumbai,Premium,Education,385632.0,60,5.0,True,Yes,True
872,CUST100869,41.0,405117.0,725.0,Contract,Postgraduate,Single,Kolkata,Sme,Home,255203.0,72,4.0,True,No,True
873,CUST100732,40.0,830247.0,762.0,Contract,Graduate,Married,Kolkata,Mass,Business,316413.0,24,4.0,True,Yes,True
874,CUST100540,21.0,515687.0,769.0,Business,Diploma,Single,Kolkata,Premium,Auto,428903.0,60,2.0,True,Yes,True
875,CUST100178,28.0,429688.0,704.0,Business,12Th,Single,Chennai,Premium,Business,592604.0,120,8.0,False,No,True
876,CUST101482,21.0,597097.0,,Self-Employed,Graduate,Single,Chennai,Mass,Home,190171.0,36,4.0,True,No,True
877,CUST100698,48.0,1048177.0,829.0,Salaried,Diploma,unknown,Bengaluru,Mass,Home,,48,6.0,True,Yes,True
878,CUST101369,66.0,480529.0,665.0,Contract,Graduate,Single,Hyderabad,Mass,Education,437069.0,36,3.0,True,No,True
879,CUST101224,51.0,228240.0,692.0,Salaried,Other,Married,Bengaluru,Premium,Personal,479407.0,84,4.0,True,Yes,True
880,CUST100911,57.0,361923.0,756.0,Self-Employed,Graduate,Single,Hyderabad,Sme,Personal,,72,5.0,True,Yes,True
881,CUST100938,27.0,279293.0,699.0,Salaried,12Th,Married,Pune,Mass,Personal,349525.0,72,8.0,True,Yes,True
883,CUST100008,53.0,,751.0,Business,Graduate,Single,Jaipur,Mass,Home,439782.0,12,6.0,True,No,True
884,CUST101476,35.0,266652.0,666.0,Self-Employed,Graduate,Married,Delhi,Affluent,Home,628893.0,60,7.0,True,Yes,True
885,CUST100668,61.0,,,Salaried,Postgraduate,Married,Mumbai,Mass,Personal,674027.0,120,,True,Yes,True
886,CUST101189,47.0,518765.0,746.0,Contract,Graduate,Divorced,Bengaluru,Mass,Business,616461.0,24,5.0,True,Yes,True
887,CUST100358,62.0,2503371.0,655.0,Salaried,Graduate,Married,Pune,Mass,Business,288144.0,36,-5.0,True,No,True
888,CUST100784,26.0,761669.0,,Salaried,Graduate,Married,Chennai,Affluent,Education,520272.0,72,5.0,True,Yes,True
889,CUST100736,52.0,,652.0,Contract,12Th,Married,Kolkata,Mass,Home,925781.0,36,,True,Yes,True
890,CUST100330,47.0,801895.0,746.0,Salaried,Graduate,Single,Kolkata,Mass,Personal,259262.0,36,1.0,True,Yes,True
891,CUST101076,28.0,555927.0,753.0,Business,Postgraduate,Single,Hyderabad,Affluent,Home,848472.0,72,3.0,True,No,True
892,CUST101177,-3.0,25000000.0,659.0,Business,,Single ,Delhi,Affluent,Auto,623885.0,120,5.0,True,Yes,False
893,CUST101449,55.0,100.0,607.0,Business,Postgraduate,Married,Hyderabad,Mass,Business,268005.0,84,4.0,True,No,True
894,CUST100259,29.0,329273.0,762.0,Self-Employed,Graduate,Married,Delhi,Mass,Personal,281541.0,12,6.0,True,Yes,True
895,CUST100916,42.0,1093938.0,645.0,Business,Other,Single,Bengaluru,Mass,Home,609115.0,48,3.0,True,No,True
896,CUST101204,56.0,1117543.0,654.0,Contract,Graduate,Married,Bengaluru,Affluent,Education,253121.0,84,8.0,True,Yes,True
897,CUST100373,40.0,951976.0,744.0,Contract,Graduate,Single,Delhi,Affluent,Auto,704641.0,84,3.0,True,No,True
898,CUST101129,47.0,540443.0,748.0,Contract,Graduate,Married,Jaipur,Affluent,Business,101418.0,48,6.0,True,Yes,True
899,CUST100963,60.0,502112.0,671.0,Business,Postgraduate,Married,Jaipur,Premium,Unknown,1150155.0,48,2.0,True,Yes,True
900,CUST100143,33.0,632029.0,693.0,Salaried,Diploma,Divorced,Jaipur,Premium,Auto,322527.0,48,8.0,True,No,True
901,CUST100526,35.0,671562.0,787.0,Salaried,Graduate,Married,Pune,Mass,Personal,592402.0,120,6.0,True,Yes,True
903,CUST100233,21.0,817447.0,749.0,Salaried,,Married,Mumbai,Mass,Education,234889.0,72,13.0,True,Yes,True
904,CUST101316,35.0,925796.0,632.0,,Graduate,Married,Bengaluru,Sme,Home,212196.0,24,3.0,True,No,True
905,CUST101458,42.0,829383.0,,Unknown,Graduate,Married,Bengaluru,Affluent,Home,389913.0,12,4.0,True,Yes,True
906,CUST100441,66.0,367667.0,652.0,Business,Graduate,Single ,Pune,Premium,Personal,,60,7.0,True,Yes,True
907,CUST100532,28.0,1346189.0,691.0,Self-Employed,12Th,Married,Chennai,Mass,Home,281858.0,120,4.0,True,Yes,True
908,CUST101232,55.0,731246.0,759.0,Business,12Th,Married,Mumbai,Affluent,Auto,646287.0,36,2.0,True,Yes,True
909,CUST100227,,763701.0,692.0,Self-Employed,Postgraduate,Single,Mumbai,Sme,Auto,288530.0,12,5.0,True,Yes,False
910,CUST101252,40.0,561021.0,696.0,Contract,Graduate,Single,Mumbai,Affluent,Home,359151.0,24,-5.0,True,Yes,True
911,CUST100229,46.0,781142.0,763.0,Contract,12Th,Married,Chennai,Mass,Education,193877.0,48,6.0,False,No,True
912,CUST101312,37.0,512914.0,703.0,Self-Employed,Graduate,Married,Delhi,Affluent,Personal,900031.0,36,9.0,True,Yes,True
913,CUST101330,37.0,379158.0,750.0,Self-Employed,Postgraduate,Married,Kolkata,Affluent,Auto,,48,0.0,True,Yes,True
914,CUST100213,58.0,1137195.0,652.0,Self-Employed,Diploma,Single,Delhi,Mass,Home,695631.0,60,11.0,False,Yes,True
915,CUST100886,55.0,1247467.0,718.0,Contract,12Th,Married,Jaipur,Affluent,Business,346376.0,36,6.0,True,No,True
916,CUST100080,52.0,662255.0,696.0,Business,Graduate,Divorced,Chennai,Sme,Business,645914.0,84,4.0,True,No,True
917,CUST100149,59.0,490896.0,,Business,Graduate,Married,Mumbai,Mass,Education,,72,3.0,True,Yes,True
918,CUST100815,57.0,1704752.0,783.0,Business,Other,Married,Pune,Sme,Personal,384348.0,48,2.0,True,Yes,True
919,CUST100941,53.0,2044093.0,712.0,Contract,Graduate,Married,Jaipur,Mass,Personal,938022.0,72,4.0,True,No,True
920,CUST100950,34.0,464799.0,641.0,Self-Employed,Graduate,Married,Chennai,Affluent,Business,521125.0,120,7.0,True,Yes,True
921,CUST100672,49.0,1320970.0,741.0,Salaried,Graduate,Married,Hyderabad,Affluent,Home,234655.0,48,4.0,True,Yes,True
922,CUST101287,63.0,621266.0,704.0,Salaried,Postgraduate,Single,Chennai,Affluent,Auto,433516.0,24,4.0,True,Yes,True
923,CUST100556,105.0,657328.0,878.0,Business,Diploma,Married,Mumbai,High Value,Education,694953.0,24,3.0,True,Yes,True
924,CUST100945,27.0,1151521.0,675.0,,Postgraduate,Married,Kolkata,Mass,Business,366082.0,12,1.0,True,Yes,True
925,CUST100134,47.0,659771.0,727.0,Salaried,Postgraduate,Married,Bengaluru,Premium,Home,393874.0,12,2.0,True,Yes,True
926,CUST101134,56.0,897477.0,665.0,Self-Employed,Postgraduate,Married,Bengaluru,Affluent,Auto,712259.0,120,3.0,True,No,True
927,CUST100824,51.0,618064.0,250.0,Contract,Graduate,Single,Hyderabad,Mass,Personal,183673.0,12,2.0,True,No,True
928,CUST100409,64.0,100.0,664.0,Contract,Graduate, MARRIED ,Delhi,Mass,Personal,953452.0,48,,True,Yes,True
929,CUST100369,22.0,889385.0,734.0,Business,Graduate,Single,Kolkata,Affluent,Auto,1636507.0,48,2.0,True,Yes,True
930,CUST100508,32.0,,0.0,Contract,12Th,Single ,Bengaluru,Sme,Business,525860.0,24,3.0,False,Yes,True
931,CUST101211,50.0,284797.0,615.0,Business,Postgraduate,Married,Bengaluru,Mass,Personal,268544.0,120,4.0,True,Yes,True
932,CUST100505,33.0,421804.0,,Self-Employed,Graduate,Single,Jaipur,Sme,Auto,,120,3.0,True,Yes,True
933,CUST101365,47.0,1061807.0,734.0,Contract,Graduate,Single,Kolkata,Sme,Home,500.0,120,6.0,True,Yes,True
934,CUST100348,64.0,808664.0,742.0,Salaried,Diploma,Single,Delhi,Premium,Home,526105.0,24,9.0,True,Yes,True
935,CUST100387,,339062.0,653.0,Business,Other,Married,Pune,Mass,Personal,450000.0,24,6.0,False,Yes,False
936,CUST100001,25.0,620674.0,721.0,,Diploma,Married,Mumbai,Affluent,Home,936168.0,36,,False,No,True
937,CUST101132,52.0,726318.0,741.0,Business,Diploma,M,Delhi,Affluent,Personal,198916.0,24,5.0,True,Yes,True
938,CUST100361,60.0,730678.0,654.0,Salaried,Postgraduate,Single,Hyderabad,Affluent,Auto,711584.0,36,7.0,True,Yes,True
939,CUST100895,56.0,469420.0,733.0,Salaried,Postgraduate,Divorced,Kolkata,Sme,Auto,737458.0,24,7.0,True,Yes,True
940,CUST100829,61.0,,770.0,Self-Employed,Diploma,Divorced,Bengaluru,Affluent,Home,406374.0,36,2.0,True,Yes,True
941,CUST101450,25.0,483576.0,723.0,Self-Employed,Postgraduate,Divorced,Mumbai,Affluent,Personal,315650.0,36,7.0,True,Yes,True
942,CUST100476,,1665707.0,774.0,Self-Employed,Graduate,Married,,Sme,Home,363521.0,72,150.0,True,Yes,False
943,CUST101313,57.0,892052.0,796.0,Salaried,Graduate,Married,Kolkata,Affluent,Auto,228269.0,36,5.0,True,No,True
944,CUST100058,28.0,,832.0,Self-Employed,,Married,Pune,Affluent,Personal,500.0,24,6.0,True,Yes,True
945,CUST100638,34.0,509567.0,723.0,Self Employed,12Th,Married,Hyderabad,Premium,Home,779799.0,120,5.0,True,Yes,True
946,CUST101339,57.0,486709.0,,Self-Employed,Diploma,Married,Kolkata,Affluent,Auto,631223.0,84,6.0,True,Yes,True
947,CUST101074,45.0,562621.0,749.0,Salaried,Postgraduate,Married,Bengaluru,Affluent,Business,962750.0,36,3.0,True,Yes,True
948,CUST100991,37.0,491819.0,718.0,Salaried,Postgraduate,Single,Jaipur,Sme,Auto,,84,,True,Yes,True
949,CUST100173,57.0,534294.0,612.0,Business,Graduate,Married,,Premium,Education,1384023.0,24,6.0,True,Yes,True
950,CUST100451,66.0,,758.0,Salaried,Postgraduate,Single,Pune,Mass,Business,189614.0,60,3.0,True,Yes,True
951,CUST100126,,774641.0,655.0,Self-Employed,Diploma,Married,Kolkata,Premium,Business,241207.0,84,6.0,True,No,False
952,CUST101420,43.0,1189570.0,632.0,Self-Employed,Diploma,Married,Jaipur,Mass,Personal,306220.0,24,5.0,False,Yes,True
953,CUST100531,49.0,1034089.0,739.0,Business,Graduate,Divorced,Jaipur,Affluent,Auto,263684.0,36,5.0,True,No,True
954,CUST100858,23.0,1065061.0,608.0,Salaried,Diploma,Married,Bengaluru,Affluent,Home,915147.0,120,4.0,True,Yes,True
955,CUST100714,56.0,,780.0,Self-Employed,Other,Single,Kolkata,Mass,Auto,1135388.0,36,4.0,False,Yes,True
956,CUST100091,41.0,589911.0,766.0,Contract,Graduate,Single,Hyderabad,Premium,Education,176113.0,72,3.0,True,Yes,True
957,CUST101486,61.0,564356.0,701.0,Self-Employed,Diploma,Married,Chennai,Mass,Auto,368919.0,120,6.0,True,No,True
958,CUST100182,28.0,682797.0,776.0,Self-Employed,Graduate,Married,Pune,Premium,Education,659266.0,60,4.0,True,Yes,True
959,CUST100876,44.0,807700.0,0.0,Business,Postgraduate,Married,Hyderabad,Mass,Home,272420.0,60,5.0,True,Yes,True
960,CUST101036,55.0,879009.0,736.0,Salaried,Postgraduate,Married,Jaipur,Premium,Home,638055.0,24,3.0,True,Yes,True
961,CUST100787,22.0,236399.0,593.0,Business,Postgraduate,Single,Jaipur,Mass,Education,1202745.0,72,3.0,True,Yes,True
962,CUST100415,21.0,600524.0,786.0,Self-Employed,Graduate,Married,,Affluent,Home,415629.0,60,4.0,True,Yes,True
963,CUST100252,44.0,617701.0,688.0,Business,Postgraduate,Single,Pune,Mass,Auto,98898.0,72,4.0,True,Yes,True
964,CUST100070,43.0,604540.0,120.0,Salaried,12Th,Single,Jaipur,Affluent,Home,1603055.0,12,6.0,True,No,True
965,CUST100804,64.0,593803.0,668.0,Self-Employed,Postgraduate,Single,Hyderabad,Sme,Home,630883.0,120,3.0,True,Yes,True
966,CUST100132,47.0,513830.0,754.0,Salaried,12Th,Married,,Sme,Education,269026.0,120,4.0,True,No,True
967,CUST100301,38.0,765181.0,702.0,,Postgraduate,Divorced,Delhi,Affluent,Home,365042.0,36,1.0,True,Yes,True
968,CUST101247,61.0,728800.0,799.0,Contract,Postgraduate,Married,Kolkata,Mass,Home,302677.0,120,7.0,True,No,True
969,CUST100327,32.0,502148.0,696.0,Business,Graduate,Married,Pune,Affluent,Business,1123364.0,84,7.0,True,Yes,True
970,CUST101500,60.0,318589.0,732.0,Contract,Graduate,Single,Delhi,Affluent,Home,555293.0,24,3.0,True,No,True
971,CUST101139,55.0,785086.0,652.0,Self-Employed,Graduate,Divorced,Pune,Mass,Education,256754.0,12,6.0,True,Yes,True
972,CUST100500,41.0,,648.0,Self-Employed,Graduate,Married,Kolkata,Mass,Personal,409755.0,120,6.0,True,Yes,True
973,CUST100342,34.0,1306251.0,718.0,Salaried,12Th,Married,Mumbai,Affluent,Business,772292.0,72,3.0,True,No,True
974,CUST100833,42.0,491640.0,659.0,Self-Employed,12Th,Married,Delhi,Mass,Business,275008.0,120,6.0,True,Yes,True
975,CUST100365,26.0,685372.0,744.0,Self-Employed,Graduate,Married,Hyderabad,Mass,Auto,598594.0,36,5.0,True,Yes,True
976,CUST100496,40.0,335468.0,719.0,Contract,Postgraduate,Married,Bengaluru,Mass,Business,274975.0,120,9.0,True,Yes,True
977,CUST101429,33.0,545701.0,,Business,Graduate,Married,Pune,Affluent,Education,,60,5.0,True,Yes,True
978,CUST100339,30.0,687993.0,804.0,Contract,Postgraduate,Married,Jaipur,Mass,Auto,,48,6.0,True,Yes,True
979,CUST100422,,213483.0,710.0,Self-Employed,12Th,Single,Pune,Mass,Education,1446865.0,72,4.0,True,Yes,False
980,CUST100165,40.0,384590.0,757.0,Self-Employed,Postgraduate,Single,Bengaluru,Premium,Personal,1324826.0,48,3.0,True,Yes,True
981,CUST100029,46.0,543782.0,712.0,Self-Employed,Diploma,Married,Bengaluru,Affluent,Business,329333.0,36,2.0,True,Yes,True
982,CUST100517,62.0,658348.0,656.0,Salaried,,Married,Mumbai,Affluent,Education,307171.0,24,6.0,True,Yes,True
983,CUST100194,38.0,482187.0,626.0,Business,Graduate,Married,Hyderabad,Mass,Auto,507836.0,72,6.0,True,No,True
984,CUST101010,45.0,661813.0,625.0,Contract,Postgraduate,Married,Bengaluru,Premium,Auto,518091.0,72,2.0,True,Yes,True
985,CUST101396,48.0,573956.0,768.0,Salaried,Postgraduate,Married,Delhi,Sme,Education,649516.0,24,150.0,True,Yes,True
986,CUST100946,,465350.0,736.0,Business,Graduate,Married,Mumbai,Affluent,Business,388797.0,48,1.0,True,Yes,False
987,CUST101395,31.0,822112.0,600.0,Salaried,Postgraduate,Single,Hyderabad,Mass,Business,292510.0,84,10.0,True,approved,True
988,CUST100170,12.0,286878.0,712.0,Business,12Th,Married,Jaipur,Premium,Auto,416925.0,36,7.0,True,Yes,True
989,CUST100168,28.0,528440.0,756.0,Salaried,Graduate,Married,Hyderabad,Mass,Auto,538617.0,120,4.0,True,No,True
990,CUST100653,30.0,50.0,648.0,Salaried,Graduate,Single,Delhi,Affluent,Education,782902.0,120,4.0,True,No,True
991,CUST100174,54.0,662149.0,734.0,Business,Graduate,Married,Delhi,Mass,Business,484599.0,36,4.0,True,Yes,True
992,CUST100519,43.0,874545.0,867.0,Business,Graduate,Married,Hyderabad,Premium,Personal,221790.0,84,6.0,True,No,True
993,CUST101244,44.0,580349.0,629.0,Salaried,Graduate,Married,Mumbai,Premium,Auto,948864.0,36,4.0,True,No,True
994,CUST101210,,923839.0,764.0,Salaried,Graduate,Single,Mumbai,Premium,Personal,,84,9.0,True,Yes,False
995,CUST100913,38.0,697165.0,718.0,Business,Graduate,Married,Hyderabad,Mass,Personal,551306.0,36,7.0,True,Yes,True
996,CUST100492,61.0,513996.0,759.0,Business,Graduate,married,,Mass,Education,330721.0,60,6.0,True,Yes,True
997,CUST100954,41.0,806725.0,717.0,Salaried,Graduate,Single,Chennai,Sme,Business,148574.0,72,4.0,True,Yes,True
998,CUST100074,27.0,784290.0,689.0,Business,Graduate,Single,Kolkata,Affluent,Education,154936.0,60,,True,Yes,True
999,CUST101285,38.0,331183.0,725.0,Business,Graduate,Single,Jaipur,Mass,Business,196656.0,72,,True,Yes,True
1000,CUST100588,25.0,1174697.0,596.0,Self-Employed,Graduate,Married,Mumbai,Mass,Business,394189.0,60,6.0,False,No,True
1001,CUST100751,66.0,685073.0,779.0,Contract,Graduate,Divorced,Kolkata,Sme,Business,548155.0,84,8.0,True,Yes,True
1002,CUST100658,50.0,707727.0,682.0,Salaried,Graduate,Married,Chennai,Mass,Home,,48,7.0,True,approved,True
1003,CUST100843,63.0,439227.0,868.0,Contract,Graduate,Divorced,Pune,Mass,Auto,490158.0,48,4.0,True,Yes,True
1004,CUST100235,44.0,461815.0,690.0,Salaried,Graduate,Married,Chennai,Mass,Personal,723365.0,48,3.0,False,No,True
1005,CUST100733,64.0,617985.0,697.0,Self-Employed,Postgraduate,Married,Jaipur,Mass,Business,408602.0,12,6.0,True,Yes,True
1006,CUST100215,55.0,754149.0,700.0,Business,Graduate,Single,Pune,Mass,Business,176247.0,36,6.0,False,Yes,True
1007,CUST100163,40.0,381321.0,620.0,Contract,Graduate,Married,Mumbai,Mass,Education,,120,5.0,True,Yes,True
1008,CUST100133,25.0,1005360.0,713.0,Contract,Diploma,Married,Delhi,Mass,Home,740244.0,12,8.0,True,Yes,True
1009,CUST101212,57.0,,802.0,Business,Graduate,Married,Bengaluru,Mass,Personal,910950.0,60,3.0,True,No,True
1010,CUST100223,54.0,822658.0,655.0,,Postgraduate,Single,Pune,Mass,Unknown,1139509.0,24,3.0,True,Yes,True
1011,CUST101354,64.0,573308.0,711.0,Salaried,Other,Married,Mumbai,Mass,Education,479681.0,60,5.0,True,No,True
1012,CUST100935,41.0,580261.0,677.0,Salaried,Postgraduate,Single,Pune,Affluent,Auto,201898.0,48,3.0,True,Yes,True
1013,CUST100186,41.0,80000000.0,613.0,Salaried,Diploma,Single,Delhi,Mass,Business,1775330.0,12,3.0,True,Yes,True
1014,CUST100042,56.0,881787.0,666.0,Self-Employed,Graduate,Married,Hyderabad,Mass,Auto,298077.0,72,4.0,True,No,True
1015,CUST100693,64.0,,715.0,Self-Employed,12Th,Married,Pune,Affluent,Personal,,84,3.0,True,No,True
1016,CUST100109,43.0,1164193.0,726.0,Contract,Graduate,Married,Hyderabad,Premium,Auto,297693.0,120,,True,No,True
1017,CUST100039,34.0,883590.0,,Self-Employed,Other,Single,Mumbai,Affluent,Business,137090.0,36,2.0,True,Yes,True
1018,CUST100569,51.0,120000.0,,Business,Graduate,Married,Pune,Mass,Education,1237335.0,36,4.0,True,No,True
1019,CUST101402,32.0,663943.0,676.0,Salaried,Postgraduate,Single,Bengaluru,Premium,Personal,,24,6.0,False,Yes,True
1020,CUST101299,45.0,859422.0,716.0,Business,Postgraduate,Married,Delhi,Sme,Business,371087.0,72,,True,No,True
1021,CUST101477,44.0,596110.0,672.0,Business,Graduate,Single,Bengaluru,Mass,Business,,24,8.0,True,No,True
1022,CUST100484,58.0,618825.0,789.0,Self-Employed,Graduate,Married,Pune,Premium,Business,351162.0,48,3.0,True,Yes,True
1023,CUST100469,29.0,872354.0,795.0,Business,Postgraduate,Divorced,Hyderabad,Mass,Home,623033.0,60,3.0,True,Yes,True
1024,CUST100891,25.0,,,Salaried,Graduate,Married,Jaipur,Mass,Education,212574.0,36,8.0,False,No,True
1025,CUST100948,27.0,650624.0,677.0,Salaried,12Th,Married,Mumbai,Premium,Education,323823.0,36,2.0,True,No,True
1026,CUST101037,63.0,1476966.0,675.0,Contract,Graduate,Married,Hyderabad,Mass,Auto,392216.0,120,5.0,False,Yes,True
1027,CUST100885,59.0,559499.0,711.0,Business,12Th,Married,Delhi,Mass,Education,305593.0,24,1.0,True,Yes,True
1028,CUST101297,33.0,641297.0,743.0,,Graduate,Married,Jaipur,Mass,Auto,691511.0,24,2.0,True,Yes,True
1029,CUST100851,67.0,657888.0,768.0,Self-Employed,Graduate,Married,Pune,Mass,Auto,959717.0,24,9.0,True,Yes,True
1030,CUST100735,30.0,1314510.0,583.0,Business,Postgraduate,Single,Hyderabad,Mass,Home,518275.0,84,3.0,True,Yes,True
1031,CUST100718,44.0,157319.0,,Salaried,Graduate,Married,Jaipur,Affluent,Business,247221.0,72,5.0,True,Yes,True
1032,CUST100455,49.0,624058.0,700.0,Contract,Postgraduate,married,Chennai,Mass,Home Loan,818309.0,48,4.0,True,Yes,True
1033,CUST100265,67.0,777962.0,709.0,Contract,,Single,Pune,Sme,Home,632053.0,48,4.0,True,Yes,True
1034,CUST100076,43.0,612828.0,773.0,Contract,Graduate,Married,Mumbai,Mass,Home,499974.0,24,7.0,True,Yes,True
1035,CUST100445,44.0,405085.0,689.0,Business,Postgraduate,Single,Mumbai,Mass,Home,913308.0,24,7.0,True,Yes,True
1036,CUST100396,62.0,675118.0,,Business,Graduate,Married,Pune,Mass,Home,642491.0,72,3.0,True,No,True
1037,CUST100177,42.0,469883.0,688.0,Contract,Graduate,Single,Hyderabad,Affluent,Business,,72,5.0,True,pending,True
1038,CUST101343,26.0,740960.0,637.0,Business,Graduate,Married,Hyderabad,Affluent,Education,533937.0,60,10.0,True,Yes,True
1039,CUST101156,-3.0,270249.0,677.0,Contract,Other,Married,Chennai,Mass,Education,220207.0,120,6.0,False,No,False
1040,CUST101380,46.0,1363553.0,802.0,Self-Employed,Graduate,Single,Bengaluru,Premium,Home,934987.0,60,7.0,True,Yes,True
1041,CUST100596,58.0,1569262.0,682.0,Contract,Postgraduate,Married,Chennai,Premium,Education,404203.0,60,5.0,True,Yes,True
1042,CUST100062,56.0,625594.0,716.0,Salaried,Postgraduate,Married,Jaipur,Mass,Auto,1864563.0,120,3.0,True,Yes,True
1043,CUST100873,,597964.0,773.0,Self-Employed,Postgraduate,Divorced,Chennai,Mass,Education,423359.0,84,3.0,True,No,False
1044,CUST101147,45.0,587947.0,717.0,Unknown,Diploma,Divorced,Jaipur,Affluent,Auto,247574.0,60,5.0,True,No,True
1045,CUST101441,57.0,506049.0,716.0,Contract,Graduate,Married,Kolkata,Premium,Business,250027.0,84,4.0,True,Yes,True
1046,CUST100279,24.0,,681.0,Self-Employed,12Th,Single,Chennai,Mass,Education,620669.0,72,,True,No,True
1047,CUST100037,61.0,417784.0,736.0,,Graduate,Married,Jaipur,Mass,Auto,493952.0,72,6.0,False,Yes,True
1048,CUST100663,22.0,558136.0,762.0,Contract,Graduate,Married,Chennai,Affluent,Education,883750.0,84,,True,No,True
1049,CUST101386,32.0,508356.0,765.0,Contract,Graduate,Married,Hyderabad,Affluent,Education,519298.0,72,6.0,True,Yes,True
1050,CUST101111,50.0,930445.0,716.0,Contract,12Th,Single,Jaipur,Affluent,Business,186497.0,120,3.0,True,No,True
1051,CUST100978,47.0,2032016.0,702.0,Self-Employed,12Th,Single,Bengaluru,Affluent,Education,1548978.0,60,6.0,True,No,True
1052,CUST100739,55.0,1531381.0,726.0,Self-Employed,Postgraduate,Married,Chennai,Mass,Auto,312230.0,84,7.0,True,Yes,True
1053,CUST100192,,786465.0,,Unknown,12Th,Married,Mumbai,Affluent,Education,694396.0,12,1.0,False,Yes,False
1054,CUST100920,50.0,589431.0,837.0,Self-Employed,Graduate,Married,Kolkata,Sme,Auto,102839.0,60,7.0,True,No,True
1055,CUST100457,27.0,450891.0,812.0,Salaried,Diploma,Married,Kolkata,Affluent,Auto,564486.0,12,7.0,False,Yes,True
1056,CUST100676,55.0,1589039.0,,Self-Employed,Graduate,Married,Pune,Affluent,Auto,540361.0,84,2.0,True,Yes,True
1057,CUST100761,29.0,806708.0,709.0,Contract,12Th,Single,Kolkata,Affluent,Auto,1226428.0,60,5.0,True,Yes,True
1058,CUST101387,47.0,1273336.0,613.0,Self-Employed,12Th,Single,Mumbai,Mass,Personal,382839.0,84,7.0,False,Yes,True
1059,CUST100729,43.0,561056.0,760.0,Salaried,Graduate,Married,Hyderabad,Mass,Business,551235.0,36,2.0,True,Yes,True
1060,CUST100413,34.0,467670.0,,Business,Postgraduate,Married,Delhi,Mass,Personal,339136.0,60,5.0,True,Yes,True
1061,CUST100826,25.0,580202.0,692.0,Business,Diploma,Married,Hyderabad,Mass,Education,1799467.0,72,6.0,True,No,True
1062,CUST100617,,813933.0,749.0,Self-Employed,Graduate,Married,Delhi,Mass,Personal,500854.0,36,5.0,True,Yes,False
1063,CUST100115,,452861.0,685.0,Salaried,Graduate,Married,Chennai,Premium,Education,484639.0,48,5.0,True,Yes,False
1064,CUST100418,26.0,661719.0,702.0,Business,Postgraduate,Single,Hyderabad,Affluent,Personal,115032.0,120,5.0,False,Yes,True
1065,CUST101463,23.0,265863.0,723.0,Business,Other,Single,Hyderabad,Mass,Personal,214834.0,120,0.0,True,Yes,True
1066,CUST100970,,988353.0,631.0,Salaried,Graduate,Married,Pune,Premium,Education,413800.0,36,3.0,True,Yes,False
1067,CUST100605,59.0,725443.0,716.0,Self-Employed,12Th,Married,Hyderabad,Affluent,Home,994990.0,12,6.0,True,Yes,True
1068,CUST101469,57.0,1706529.0,878.0,Salaried,12Th,Single,Jaipur,Mass,Home,154346.0,36,5.0,True,Yes,True
1069,CUST100090,60.0,721436.0,731.0,Self-Employed,12Th,Married,,Affluent,Education,377552.0,84,2.0,True,Yes,True
1070,CUST100849,-3.0,,844.0,Business,Diploma,Married,Bengaluru,Premium,Business,3599535.0,48,8.0,True,Yes,False
1071,CUST101173,39.0,376625.0,666.0,Salaried,Graduate,Divorced,Delhi,Affluent,Auto,184081.0,72,6.0,True,No,True
1072,CUST101468,39.0,519116.0,742.0,Salaried,12Th,Single,Delhi,Premium,Business,1069664.0,24,5.0,True,Yes,True
1073,CUST100754,64.0,219636.0,679.0,Self-Employed,Postgraduate,Single,Bengaluru,Premium,Personal,321549.0,72,4.0,True,Yes,True
1074,CUST100499,64.0,366207.0,779.0,Salaried,Graduate,Married,Mumbai,Affluent,Education,313383.0,60,4.0,False,Yes,True
1075,CUST100012,66.0,668438.0,648.0,Business,Postgraduate,Single,Hyderabad,Mass,Education,910478.0,60,,True,No,True
1076,CUST100397,,1120062.0,715.0,Business,Graduate,Single,Hyderabad,Mass,Home,430901.0,60,8.0,True,No,False
1077,CUST100285,41.0,650935.0,790.0,Contract,Postgraduate,Married,Bengaluru,Mass,Personal,407320.0,36,3.0,True,Yes,True
1078,CUST101067,64.0,1106961.0,631.0,Contract,Postgraduate,Married,Bengaluru,Sme,Auto,1191277.0,84,4.0,True,No,True
1079,CUST100691,67.0,531618.0,685.0,Self-Employed,Graduate,Married,Kolkata,Affluent,Home,696259.0,120,9.0,True,Yes,True
1080,CUST101261,33.0,705476.0,684.0,Self-Employed,Graduate,Divorced,Delhi,Premium,Home,2366697.0,12,7.0,True,No,True
1082,CUST100690,57.0,831564.0,0.0,Business,Postgraduate,Married,Mumbai,Premium,Business,536613.0,60,5.0,True,Yes,True
1083,CUST100852,58.0,584878.0,728.0,Business,Graduate,Divorced,Jaipur,Mass,Home,166170.0,24,7.0,True,Yes,True
1084,CUST100160,57.0,641328.0,710.0,Contract,Graduate,Married,Mumbai,Mass,Education,952986.0,60,7.0,True,Yes,True
1085,CUST100896,49.0,,761.0,Contract,Postgraduate,Single,Kolkata,Mass,Education,739429.0,60,8.0,True,Yes,True
1086,CUST101366,21.0,943850.0,841.0,Business,Diploma,Single,Chennai,Premium,Education,259426.0,36,6.0,True,Yes,True
1087,CUST100258,25.0,533282.0,,Self-Employed,Postgraduate,Married,Kolkata,Mass,Home,894490.0,72,3.0,True,Yes,True
1088,CUST100336,58.0,1317563.0,691.0,Salaried,Postgraduate,Single,Kolkata,Mass,Personal,469137.0,48,4.0,True,No,True
1089,CUST101442,45.0,413176.0,740.0,Business,12Th,Married,Delhi,Premium,Education,807054.0,24,6.0,True,No,True
1090,CUST101040,59.0,672346.0,694.0,Salaried,12Th,Married,Hyderabad,Mass,Home,242525.0,72,8.0,True,Yes,True
1091,CUST100516,25.0,444327.0,690.0,Salaried,Postgraduate,Married,Mumbai,Affluent,Auto,1075101.0,60,4.0,True,No,True
1092,CUST101016,60.0,1008271.0,749.0,Salaried,Postgraduate,Single,Jaipur,Mass,Education,474693.0,120,3.0,True,Yes,True
1093,CUST100769,27.0,760966.0,729.0,Self-Employed,Graduate,Married,Delhi,Mass,Education,731237.0,84,5.0,True,No,True
1094,CUST101349,55.0,838576.0,745.0,Contract,12Th,Single,Mumbai,Premium,Home,,36,4.0,True,Yes,True
1095,CUST100762,46.0,851809.0,811.0,Salaried,Graduate,Single,Bengaluru,Affluent,Home,549233.0,60,5.0,True,Yes,True
1096,CUST101382,,285436.0,865.0,Self-Employed,Postgraduate,Single,Hyderabad,Mass,Education,279654.0,60,6.0,True,Yes,False
1097,CUST100522,27.0,401960.0,755.0,Business,Graduate,Divorced,Delhi,Mass,Business,,24,4.0,True,Yes,True
1098,CUST100023,29.0,398247.0,629.0,Salaried,Graduate,Married,Bengaluru,Affluent,Auto,310076.0,120,5.0,False,Yes,True
1099,CUST100357,28.0,1224268.0,664.0,Salaried,Other,Divorced,Mumbai,Premium,Education,,120,2.0,True,Yes,True
1100,CUST101304,63.0,628584.0,617.0,Salaried,Postgraduate,Married,Delhi,Sme,Home,915641.0,12,4.0,True,Yes,True
1101,CUST100341,50.0,603776.0,737.0,Business,Postgraduate,Single,Chennai,Mass,Home,379679.0,48,5.0,True,No,True
1102,CUST100432,55.0,1031787.0,597.0,Self-Employed,12Th,Single,Hyderabad,Premium,Home,361505.0,36,3.0,True,Yes,True
1103,CUST100474,42.0,931719.0,692.0,Contract,Graduate,Single,Pune,Premium,Education,346909.0,36,5.0,True,Yes,True
1104,CUST100218,25.0,623153.0,732.0,Self-Employed,Graduate,Single,Pune,Mass,Home,,72,5.0,True,Yes,True
1105,CUST100912,29.0,,673.0,Self-Employed,Postgraduate,Married,Delhi,Premium,Personal,1841125.0,48,6.0,True,Yes,True
1106,CUST101235,50.0,720768.0,806.0,Self-Employed,,Single,Bengaluru,Sme,Business,726078.0,48,7.0,True,Yes,True
1107,CUST101012,58.0,640451.0,809.0,Self-Employed,Graduate,Married,Mumbai,Premium,Auto,513197.0,48,5.0,True,Yes,True
1108,CUST101494,36.0,,720.0,Business,Postgraduate,Married,,Mass,Personal,515939.0,60,3.0,True,No,True
1109,CUST100094,39.0,510338.0,718.0,Self-Employed,12Th,Married,,Affluent,Personal,1054205.0,48,,True,Yes,True
1110,CUST101009,55.0,673269.0,753.0,Contract,Graduate,Married,Bengaluru,High Value,Auto,200521.0,60,7.0,True,No,True
1111,CUST101071,52.0,293234.0,702.0,Business,Diploma,Married,Hyderabad,Mass,Education,602974.0,24,1.0,False,Yes,True
1112,CUST101093,60.0,741295.0,704.0,Business,Graduate,Married,Hyderabad,Premium,Business,428209.0,72,6.0,True,Yes,True
1113,CUST100697,54.0,1895094.0,813.0,Salaried,12Th, MARRIED ,Chennai,Mass,Personal,551724.0,48,7.0,True,Yes,True
1114,CUST101376,66.0,947307.0,870.0,Self-Employed,Graduate,Married,Jaipur,Sme,Business,1527137.0,72,6.0,True,Yes,True
1115,CUST100997,45.0,491178.0,633.0,Salaried,Graduate,Married,Hyderabad,Affluent,Auto,,36,5.0,True,Yes,True
1116,CUST100154,34.0,669957.0,814.0,Self-Employed,12Th,Single,Mumbai,Premium,Personal,708213.0,60,8.0,True,Yes,True
1117,CUST101100,41.0,573510.0,763.0,Contract,12Th,Married,Chennai,Affluent,Auto,312852.0,36,7.0,True,No,True
1118,CUST101332,54.0,361085.0,642.0,Business,12Th,Single,Chennai,Affluent,Education,226898.0,48,3.0,True,No,True
1120,CUST100790,21.0,720000.0,761.0,Contract,Diploma,Single,Mumbai,Affluent,Education,300141.0,120,10.0,True,Yes,True
1121,CUST100581,25.0,666902.0,699.0,Salaried,Graduate,Married,Jaipur,Affluent,Business,1902720.0,36,4.0,True,Yes,True
1122,CUST100704,29.0,1273522.0,675.0,Self-Employed,Postgraduate,Single,Mumbai,Premium,Home,458900.0,24,5.0,True,Yes,True
1123,CUST101291,31.0,80000000.0,747.0,Business,Graduate,Married,Kolkata,Mass,Home,290985.0,72,2.0,True,Yes,True
1124,CUST100488,45.0,426157.0,538.0,Contract,Graduate,Single,Bengaluru,Affluent,Personal,457863.0,60,3.0,True,Yes,True
1125,CUST100560,61.0,585413.0,,Business,Postgraduate,Married,Chennai,Mass,Education,391154.0,12,8.0,True,Yes,True
1126,CUST101120,25.0,421846.0,614.0,Self-Employed,Graduate,Single,Mumbai,Mass,Education,,72,9.0,True,No,True
1127,CUST100802,35.0,173665.0,808.0,Salaried,Graduate,Single,Chennai,Mass,Home,289009.0,72,9.0,True,No,True
1128,CUST100513,60.0,368187.0,822.0,,Postgraduate,Married,Mumbai,Premium,Auto,307018.0,72,7.0,True,Yes,True
1129,CUST100634,38.0,769879.0,730.0,Self-Employed,Postgraduate,Married,Hyderabad,Mass,Personal,462296.0,72,3.0,True,Yes,True
1130,CUST101270,23.0,338341.0,700.0,Self-Employed,Diploma,Divorced,Kolkata,Mass,Home,154046.0,48,4.0,True,Yes,True
1131,CUST101372,37.0,879265.0,799.0,Contract,12Th,Married,Jaipur,Mass,Business,131454.0,84,6.0,True,Yes,True
1132,CUST100791,25.0,671538.0,861.0,Contract,Diploma,Married,Chennai,Mass,Home,455260.0,84,7.0,True,Yes,True
1133,CUST100117,22.0,555777.0,887.0,Business,Graduate,Married,Kolkata,Sme,Business,976998.0,24,6.0,True,No,True
1134,CUST100741,59.0,1031938.0,636.0,Business,Graduate,Single,Delhi,Mass,Auto,934422.0,72,4.0,True,Yes,True
1135,CUST101082,67.0,803800.0,843.0,Contract,Graduate,Married,Mumbai,Mass,Auto,521072.0,12,9.0,True,Yes,True
1136,CUST100831,32.0,306367.0,777.0,Business,Graduate,Single,Pune,Affluent,Education,1354922.0,24,3.0,True,No,True
1137,CUST100120,26.0,553201.0,767.0,Business,Post Graduate,Married,Chennai,Premium,Personal,,60,4.0,False,Yes,True
1138,CUST100657,57.0,848855.0,633.0,Self-Employed,,Married,Delhi,Affluent,Personal Loan,1590756.0,120,4.0,True,Yes,True
1140,CUST100636,53.0,813005.0,813.0,Contract,Graduate,Married,Mumbai,Mass,Personal,127734.0,84,7.0,True,No,True
1141,CUST100370,57.0,569157.0,754.0,Self-Employed,Graduate,Single,Pune,Premium,Home,451931.0,60,5.0,True,Yes,True
1142,CUST100269,49.0,562120.0,800.0,Contract,Graduate,Single,Hyderabad,Affluent,Business,743459.0,36,7.0,True,Yes,True
1143,CUST100656,46.0,774292.0,576.0,,Other,Single,Hyderabad,Affluent,Auto,293483.0,36,4.0,True,No,True
1144,CUST100936,65.0,306350.0,667.0,Salaried,Graduate,Married,,Mass,Personal,468892.0,36,2.0,True,Yes,True
1145,CUST100823,,728298.0,660.0,Salaried,12Th,Single,Kolkata,Affluent,Home,1328041.0,36,6.0,True,Yes,False
1146,CUST100867,59.0,210964.0,643.0,Salaried,Graduate,Married,Bengaluru,Mass,Business,391085.0,48,5.0,True,Yes,True
1147,CUST100047,41.0,676620.0,753.0,Business,Postgraduate,Married,Bengaluru,Mass,Home,1292191.0,36,6.0,True,Yes,True
1148,CUST101323,46.0,1630865.0,705.0,Contract,Graduate,Single,Hyderabad,Affluent,Home,777920.0,12,7.0,True,Yes,True
1149,CUST100992,46.0,218027.0,711.0,Contract,Diploma,Married,Jaipur,Affluent,Education,200391.0,84,6.0,True,No,True
1150,CUST100877,46.0,758225.0,797.0,Self-Employed,Postgraduate,Married,Hyderabad,Sme,Auto,595778.0,24,5.0,True,Yes,True
1151,CUST100774,54.0,388602.0,863.0,Contract,,Married,,Affluent,Auto,295354.0,84,5.0,True,Yes,True
1153,CUST100005,41.0,417376.0,647.0,Self-Employed,Graduate,Married,Chennai,Mass,Home,472719.0,60,3.0,True,No,True
1154,CUST101004,,1635962.0,601.0,Contract,12Th,Single,Delhi,Mass,Education,87016.0,72,8.0,True,Yes,False
1155,CUST101334,58.0,2561998.0,609.0,Salaried,Other,Single,Jaipur,Affluent,Business,457945.0,84,9.0,True,Yes,True
1156,CUST100264,64.0,925239.0,713.0,Self-Employed,Diploma,Single,Chennai,Affluent,Education,1031450.0,24,6.0,True,Yes,True
1157,CUST101213,12.0,429509.0,694.0,Salaried,Diploma,Single,Chennai,Mass,Education,909682.0,12,10.0,True,Yes,True
1158,CUST101404,36.0,671460.0,780.0,,Graduate,Married,Kolkata,Premium,Personal,,72,3.0,True,No,True
1159,CUST100444,43.0,315278.0,250.0,Self-Employed,Graduate,Married,Bengaluru,Affluent,Business,700803.0,36,8.0,True,No,True
1160,CUST101003,47.0,720000.0,612.0,Contract,Graduate,Married,Jaipur,Affluent,Home,413583.0,84,5.0,False,No,True
1161,CUST101078,28.0,605405.0,711.0,Contract,Graduate,Single,Kolkata,Affluent,Business,493332.0,120,12.0,True,Yes,True
1162,CUST100838,30.0,941344.0,686.0,Contract,Postgraduate,Single,Jaipur,Mass,Education,249287.0,36,5.0,True,No,True
1163,CUST101374,40.0,962928.0,743.0,Salaried,Other,Married,Chennai,Affluent,Unknown,,12,7.0,True,Yes,True
1164,CUST100305,46.0,236312.0,832.0,Salaried,12Th,Married,Chennai,Affluent,Personal,246922.0,36,6.0,True,Yes,True
1165,CUST101203,67.0,,781.0,Self-Employed,,Single,Mumbai,Mass,Business,467434.0,12,2.0,True,Yes,True
1166,CUST100314,34.0,820447.0,724.0,Self-Employed,Postgraduate,Married,Bengaluru,Sme,Business,843233.0,12,6.0,True,Yes,True
1167,CUST100150,23.0,635626.0,764.0,Contract,Graduate,Married,Delhi,Sme,Personal,884887.0,36,3.0,True,No,True
1168,CUST101149,53.0,544027.0,734.0,Contract,Graduate,Married,Jaipur,Mass,Auto,955331.0,24,5.0,True,No,True
1169,CUST100575,21.0,735566.0,783.0,Salaried,Graduate,Single,Delhi,Sme,Personal,148059.0,12,7.0,True,Yes,True
1170,CUST100051,56.0,1490535.0,,Contract,Graduate, MARRIED ,Mumbai,Mass,Education,494707.0,60,3.0,True,Yes,True
1171,CUST101200,50.0,321566.0,791.0,,Graduate,Married,Kolkata,Affluent,Unknown,320010.0,36,5.0,False,No,True
1172,CUST100727,54.0,1984945.0,814.0,,Graduate,Single,Mumbai,Premium,Auto,450722.0,120,6.0,True,No,True
1173,CUST100834,27.0,545415.0,710.0,Salaried,Postgraduate,Married,Hyderabad,Mass,Education,183648.0,12,7.0,True,Yes,True
1174,CUST101116,44.0,678032.0,698.0,Business,Graduate,Married,Bengaluru,Affluent,Personal,322215.0,84,6.0,True,Yes,True
1175,CUST101167,22.0,390124.0,714.0,Business,12Th,Single,Bengaluru,Mass,Auto,2717454.0,12,3.0,True,No,True
1177,CUST100972,40.0,305564.0,664.0,Salaried,Other,Married,Kolkata,Mass,Business,401614.0,48,,True,No,True
1178,CUST100654,58.0,,598.0,Business,Postgraduate,Single,Delhi,Mass,Business,385385.0,36,4.0,True,Yes,True
1180,CUST100512,56.0,379192.0,634.0,Salaried,Graduate,Married,Delhi,Premium,Business,631136.0,24,3.0,True,No,True
1181,CUST100321,36.0,411033.0,745.0,Business,Diploma,Married,Bengaluru,Premium,Education,3433241.0,24,4.0,True,Yes,True
1182,CUST100020,42.0,221027.0,696.0,Self-Employed,Graduate,Married,Hyderabad,Affluent,Personal,381170.0,60,4.0,True,Yes,True
1183,CUST100685,28.0,491892.0,690.0,Salaried,Graduate,Single,Kolkata,Mass,Education,1690297.0,120,2.0,True,Yes,True
1184,CUST100036,23.0,1121336.0,642.0,Business,Diploma,Married,Hyderabad,Affluent,Home,1422422.0,48,2.0,True,Yes,True
1185,CUST100903,31.0,936981.0,758.0,Business,Graduate,Married,Pune,Affluent,Auto,,48,5.0,True,Yes,True
1186,CUST100828,63.0,442047.0,747.0,Salaried,Graduate,Divorced,Delhi,Mass,Business,,60,150.0,True,No,True
1187,CUST101379,44.0,272888.0,605.0,Contract,Postgraduate,Married,Pune,Premium,Home,684464.0,60,3.0,True,No,True
1188,CUST100408,27.0,619999.0,806.0,Self-Employed,Graduate,Married,,Premium,Education,752746.0,12,7.0,True,No,True
1189,CUST100921,62.0,320806.0,703.0,,Postgraduate,Single,Bengaluru,Premium,Home,369670.0,48,8.0,True,No,True
1190,CUST100538,26.0,638087.0,736.0,Self-Employed,Other,Divorced,Bengaluru,Premium,Education,885510.0,24,6.0,True,Yes,True
1191,CUST100759,27.0,538855.0,677.0,Business,Graduate,Single,Bengaluru,Affluent,Education,348822.0,84,1.0,False,Yes,True
1192,CUST101063,27.0,201847.0,680.0,Contract,Graduate,Married,Mumbai,Premium,Personal,107533.0,72,5.0,False,No,True
1193,CUST100246,24.0,,667.0,Contract,Graduate,Married,Jaipur,Premium,Auto,508011.0,48,3.0,True,No,True
1194,CUST101128,50.0,380005.0,726.0,Self-Employed,Postgraduate,Single,Pune,Premium,Home,,72,4.0,True,Yes,True
1195,CUST100785,43.0,587185.0,699.0,Contract,Graduate,Divorced,Pune,Affluent,Personal,955221.0,84,4.0,True,No,True
1196,CUST100490,49.0,749778.0,708.0,Business,Graduate,Single,Kolkata,Affluent,Personal,,72,4.0,True,No,True
1197,CUST100155,41.0,262129.0,693.0,Self-Employed,Graduate,Married,Chennai,Affluent,Home,50000000.0,84,10.0,True,Yes,True
1198,CUST100962,40.0,397333.0,622.0,,Graduate,Single,Pune,Mass,Business,415951.0,60,4.0,True,Yes,True
1199,CUST100854,32.0,645976.0,763.0,Contract,Graduate,Married,Hyderabad,Mass,Home,187389.0,48,-5.0,True,Yes,True
1200,CUST100626,31.0,1969820.0,650.0,Self-Employed,Graduate,Married,,Mass,Unknown,619482.0,60,6.0,True,No,True
1201,CUST100686,58.0,907247.0,718.0,Self-Employed,Graduate,Single,Chennai,Mass,Education,386636.0,12,5.0,True,Yes,True
1202,CUST100570,47.0,965444.0,687.0,,Postgraduate,Married,Chennai,Premium,Personal,715932.0,84,6.0,True,Yes,True
1203,CUST101461,58.0,1799243.0,676.0,Self-Employed,12Th,Married,Pune,Affluent,Home,309624.0,60,8.0,True,No,True
1204,CUST100018,27.0,957510.0,709.0,Self-Employed,Graduate,Married,Jaipur,Unknown,Personal,772383.0,48,6.0,True,Yes,True
1205,CUST100128,56.0,978078.0,672.0,Self-Employed,Other,Single,Chennai,Premium,Personal,673346.0,72,7.0,True,Yes,True
1207,CUST100928,35.0,1139507.0,708.0,Contract,,Single,Bengaluru,Mass,Education,370246.0,36,,True,No,True
1208,CUST100981,48.0,378250.0,679.0,Salaried,Postgraduate,Married,Bengaluru,Affluent,Business,300580.0,48,3.0,True,No,True
1210,CUST100191,53.0,453108.0,659.0,Contract,Postgraduate,Divorced,Pune,Premium,Auto,375639.0,36,7.0,True,No,True
1211,CUST101140,46.0,332430.0,725.0,Business,Graduate,Single,Pune,Affluent,Auto,268535.0,72,5.0,True,No,True
1213,CUST101499,42.0,475956.0,743.0,Contract,Graduate,Married,Pune,Premium,Home,349773.0,72,2.0,True,Yes,True
1214,CUST101359,25.0,230924.0,750.0,Self-Employed,Postgraduate,Married,Jaipur,Affluent,Personal,764144.0,24,6.0,True,Yes,True
1215,CUST100607,36.0,748133.0,829.0,Self-Employed,Graduate,Married,Kolkata,Mass,Home,842726.0,60,2.0,True,No,True
1216,CUST100181,65.0,783699.0,687.0,Salaried,Graduate,Married,Chennai,Mass,Business,398890.0,60,3.0,True,Yes,True
1217,CUST100302,59.0,,250.0,Contract,Graduate,Married,Pune,Mass,Personal,625206.0,84,5.0,True,Yes,True
1218,CUST100497,26.0,272565.0,722.0,Self-Employed,Graduate,Single,Delhi,Mass,Auto,497715.0,60,6.0,True,Yes,True
1219,CUST101324,62.0,450574.0,740.0,Contract,Graduate,Single,Pune,Premium,Auto,414429.0,84,3.0,False,No,True
1220,CUST101288,32.0,381353.0,743.0,Contract,Postgraduate, MARRIED ,Hyderabad,Affluent,Auto,480489.0,120,7.0,True,Yes,True
1221,CUST101492,44.0,1040205.0,756.0,Salaried,Graduate,Single,Bengaluru,Mass,Business,528778.0,120,4.0,False,No,True
1222,CUST100518,24.0,854768.0,700.0,Contract,Other,Married,Chennai,Premium,Business,329827.0,48,5.0,True,Yes,True
1223,CUST101070,21.0,1058301.0,651.0,Salaried,Diploma,Single,Hyderabad,Sme,Business,882768.0,36,1.0,True,Yes,True
1224,CUST100477,60.0,360515.0,746.0,Business,Postgraduate,Single,Bengaluru,Mass,Education,477091.0,36,6.0,True,No,True
1225,CUST100158,47.0,584588.0,672.0,Salaried,Postgraduate,Single,,Affluent,Business,544848.0,36,6.0,True,No,True
1226,CUST101196,50.0,150522.0,719.0,Self-Employed,Diploma,Married,Mumbai,Affluent,Home,305572.0,60,4.0,True,Yes,True
1227,CUST100017,45.0,944165.0,713.0,Self-Employed,Graduate,Single,Jaipur,Sme,Home,403100.0,120,4.0,True,No,True
1228,CUST101073,56.0,741308.0,684.0,Salaried,Graduate, MARRIED ,Kolkata,Mass,Business,243872.0,72,11.0,True,Yes,True
1230,CUST100547,41.0,435139.0,602.0,Salaried,Postgraduate,Single,Bengaluru,Affluent,Personal Loan,565545.0,84,5.0,False,Yes,True
1231,CUST100659,24.0,747522.0,663.0,Salaried,Postgraduate,Married,Mumbai,Mass,Home,97330.0,12,3.0,True,Yes,True
1232,CUST101284,58.0,733526.0,250.0,Business,Graduate,Married,Pune,Affluent,Personal,204868.0,120,6.0,True,No,True
1233,CUST101020,26.0,685687.0,644.0,Contract,Other,Single,Bengaluru,Affluent,Home,802506.0,24,6.0,True,Yes,True
1234,CUST101289,25.0,1150082.0,,Business,12Th,Married,Bengaluru,Affluent,Education,445517.0,48,6.0,True,No,True
1235,CUST100960,40.0,568092.0,739.0,Contract,Graduate,Married,Pune,Affluent,Business,289734.0,24,3.0,True,Yes,True
1236,CUST101444,41.0,880962.0,735.0,Salaried,Postgraduate,Married,Jaipur,Sme,Personal,599411.0,36,6.0,True,Yes,True
1237,CUST100284,44.0,881169.0,745.0,Contract,12Th,Married,Hyderabad,Affluent,Education,546837.0,120,10.0,True,Yes,True
1238,CUST100798,42.0,1220169.0,781.0,Contract,12Th,Single,Delhi,Affluent,Auto,797396.0,48,7.0,True,Yes,True
1239,CUST100226,35.0,547979.0,876.0,Self-Employed,12Th,Married,Mumbai,Mass,Business,346289.0,48,6.0,True,Yes,True
1240,CUST100027,39.0,1540431.0,617.0,Business,Other,Single,Hyderabad,Affluent,Education,184043.0,12,5.0,True,Yes,True
1241,CUST100438,64.0,1318157.0,656.0,,Postgraduate,Married,Pune,Affluent,Personal,361263.0,24,4.0,True,Yes,True
1242,CUST101493,22.0,1208315.0,706.0,Self-Employed,Postgraduate,Single,,Mass,Personal,452739.0,120,5.0,True,Yes,True
1243,CUST100230,29.0,112813.0,766.0,Contract,Graduate,Married,Bengaluru,Mass,Auto,418685.0,36,4.0,True,Yes,True
1244,CUST100038,59.0,979832.0,730.0,Business,Graduate,Divorced,Jaipur,Premium,Personal,268980.0,72,,True,Yes,True
1245,CUST100750,28.0,278248.0,713.0,Salaried,Other,Married,Mumbai,Affluent,Education,3224853.0,24,80.0,True,Yes,True
1246,CUST101046,5.0,606507.0,739.0,Contract,12Th,Married,,Mass,Business,203953.0,60,,True,Yes,True
1247,CUST100470,64.0,607467.0,597.0,,Postgraduate,Single,Mumbai,Mass,Auto,1140799.0,24,6.0,True,No,True
1248,CUST101311,25.0,1217958.0,812.0,Self-Employed,Diploma,Married,Kolkata,Mass,Personal,1009545.0,24,3.0,True,Yes,True
1250,CUST100688,48.0,888746.0,716.0,Salaried,Postgraduate,Single,Chennai,Mass,Auto,475325.0,12,4.0,True,Yes,True
1251,CUST101413,32.0,542134.0,675.0,Contract,12Th,Married,,Mass,Personal,84777.0,36,8.0,True,Yes,True
1252,CUST100640,65.0,575403.0,,Business,Postgraduate,Single,Delhi,Mass,Personal,965337.0,120,5.0,True,Yes,True
1253,CUST101327,52.0,892463.0,815.0,Salaried,Other,Single,Jaipur,Mass,Education,494923.0,120,2.0,True,Yes,True
1254,CUST101219,59.0,469600.0,697.0,Contract,Graduate,Married,Kolkata,Affluent,Business,500.0,48,7.0,True,Yes,True
1255,CUST101159,39.0,1288366.0,655.0,Business,Graduate,Single,Chennai,Mass,Personal,1352404.0,36,5.0,True,No,True
1256,CUST101282,55.0,472176.0,797.0,Self-Employed,Postgraduate,Single,Bengaluru,Premium,Personal Loan,859294.0,84,,True,No,True
1257,CUST101398,,684432.0,672.0,Self-Employed,Postgraduate,Divorced,Bengaluru,Mass,Education,425649.0,48,3.0,True,Yes,False
1258,CUST100801,21.0,353656.0,639.0,Salaried,Graduate,Single,Pune,Mass,Auto,257708.0,84,8.0,True,No,True
1259,CUST100161,,724326.0,698.0,Salaried,Postgraduate,Married,Kolkata,Affluent,Auto,550045.0,24,6.0,True,No,False
1260,CUST100957,39.0,1044682.0,769.0,Contract,Graduate,Married,Delhi,Premium,Home,750048.0,120,8.0,True,Yes,True
1261,CUST101187,27.0,660178.0,759.0,Business,,Married,Hyderabad,Mass,Auto,444066.0,12,3.0,True,Yes,True
1262,CUST100822,52.0,972758.0,708.0,Salaried,Graduate,Married,Kolkata,Mass,Personal,358966.0,60,3.0,True,Yes,True
1263,CUST101303,53.0,691829.0,696.0,Self-Employed,Graduate,Married,Kolkata,Mass,Business,,84,6.0,True,Yes,True
1264,CUST100878,56.0,728874.0,674.0,Self-Employed,Diploma,Married,Chennai,Premium,Education,62962.0,48,3.0,True,No,True
1265,CUST100914,67.0,644706.0,676.0,Contract,Postgraduate,Married,Chennai,Sme,Home,100.0,60,2.0,True,No,True
1266,CUST100153,64.0,920234.0,708.0,Contract,Graduate,Married,Delhi,Affluent,Auto,550493.0,24,5.0,True,Yes,True
1267,CUST101408,62.0,505507.0,658.0,Business,Diploma,Divorced,Chennai,Mass,Auto,204746.0,12,6.0,True,No,True
1268,CUST100510,32.0,852985.0,637.0,Business,Postgraduate,Married,Mumbai,Premium,Auto,,120,6.0,True,Yes,True
1270,CUST101251,,580432.0,619.0,Contract,12Th,Married,Jaipur,Affluent,Education,208996.0,60,5.0,True,Yes,False
1271,CUST101290,50.0,,,Contract,Other,Single,Jaipur,Mass,Business,216487.0,36,5.0,True,No,True
1272,CUST100104,21.0,235328.0,716.0,Business,Diploma,Married,Chennai,Affluent,Auto,147330.0,12,5.0,True,Yes,True
1273,CUST100587,53.0,402901.0,822.0,Self-Employed,12Th,Single,Chennai,Mass,Auto,,36,7.0,True,No,True
1274,CUST101361,24.0,790337.0,755.0,Salaried,Diploma,Married,Chennai,Sme,Home,1123407.0,36,8.0,True,No,True
1275,CUST101144,60.0,1062670.0,657.0,Contract,12Th,Single,Mumbai,Sme,Auto,299588.0,48,1.0,True,Yes,True
1276,CUST100054,42.0,1242987.0,771.0,Self-Employed,12Th,Single,,Mass,Education,462912.0,48,1.0,True,Yes,True
1277,CUST100152,34.0,400688.0,700.0,Business,Graduate,Single,Jaipur,Affluent,Education,2444111.0,60,6.0,True,Yes,True
1278,CUST100404,66.0,,728.0,Salaried,Post Graduate,Single,Chennai,Affluent,Personal,632757.0,84,4.0,True,Yes,True
1279,CUST101490,44.0,527715.0,698.0,Business,Graduate,Married,Pune,Mass,Home,294420.0,60,7.0,True,No,True
1280,CUST100208,66.0,,679.0,Business,Postgraduate,Married,Pune,Mass,Personal,,36,5.0,True,Yes,True
1281,CUST101471,63.0,,760.0,,Graduate,Married,Hyderabad,Affluent,Business,521088.0,60,2.0,True,No,True
1282,CUST101123,33.0,,820.0,Self-Employed,Graduate,Single,Mumbai,Premium,Personal,1013583.0,12,7.0,True,Yes,True
1283,CUST101351,23.0,551554.0,760.0,Self-Employed,Postgraduate,Married,Mumbai,Mass,Home,,48,6.0,True,No,True
1284,CUST100009,30.0,376040.0,851.0,Contract,Postgraduate,Married,Hyderabad,Affluent,Auto,358832.0,24,6.0,True,No,True
1285,CUST101015,45.0,507272.0,685.0,Self-Employed,Graduate,Single,Pune,Mass,Home,322900.0,120,7.0,True,No,True
1286,CUST101378,56.0,441775.0,120.0,Self-Employed,Graduate,Single,Bengaluru,Mass,Business,1153676.0,60,2.0,True,Yes,True
1287,CUST101061,57.0,958516.0,823.0,Contract,12Th,Married,Bengaluru,Premium,Education,909625.0,36,3.0,True,Yes,True
1288,CUST100453,44.0,614537.0,0.0,Salaried,Graduate,Married,Jaipur,Mass,Business,328075.0,60,4.0,True,No,True
1289,CUST100254,36.0,873967.0,751.0,Salaried,Postgraduate,Single,Kolkata,Mass,Home,,72,3.0,True,Yes,True
1290,CUST100897,44.0,2632817.0,674.0,Business,Graduate,Married,Hyderabad,Mass,Personal,847928.0,12,,True,Yes,True
1291,CUST101341,46.0,324540.0,759.0,Contract,12Th,Single,Bengaluru,Affluent,Auto,299352.0,120,4.0,True,Yes,True
1292,CUST100881,25.0,633084.0,652.0,Self-Employed,,Married,Pune,Affluent,Business,983744.0,72,4.0,True,Yes,True
1293,CUST101448,66.0,286158.0,647.0,Contract,Graduate,Married,Pune,Affluent,Education,845445.0,84,4.0,True,Yes,True
1294,CUST100624,40.0,504793.0,760.0,Self-Employed,Postgraduate,Married,Mumbai,Affluent,Auto,364624.0,72,6.0,True,Yes,True
1295,CUST100346,33.0,631471.0,657.0,Business,Graduate,Single,Bengaluru,Mass,Personal,623903.0,60,150.0,True,No,True
1296,CUST101319,42.0,403428.0,769.0,Business,Postgraduate,Single,,Affluent,Personal,356947.0,60,2.0,True,Yes,True
1297,CUST100263,35.0,725690.0,728.0,Self-Employed,Postgraduate,Married,Delhi,Premium,Education,334766.0,60,4.0,True,Yes,True
1298,CUST100151,61.0,743097.0,647.0,Self-Employed,Postgraduate,Single,Jaipur,Premium,Business,609068.0,36,3.0,True,No,True
1299,CUST100473,41.0,574660.0,711.0,Business,Graduate,Single,,Mass,Home,86501.0,72,,True,Yes,True
1300,CUST100641,52.0,542195.0,624.0,Contract,Graduate,Single,Hyderabad,Affluent,Personal Loan,939765.0,12,5.0,True,Yes,True
1302,CUST101445,27.0,869023.0,705.0,Contract,Graduate,Married,Kolkata,Mass,Education,206761.0,120,5.0,True,No,True
1303,CUST100551,58.0,1359287.0,775.0,Self-Employed,Graduate,Single,Chennai,Sme,Education,974874.0,60,3.0,False,No,True
1304,CUST100929,40.0,596583.0,825.0,Self-Employed,12Th,Married,,Mass,Home,184070.0,72,5.0,True,No,True
1305,CUST100489,56.0,1943326.0,734.0,Salaried,Other,Married,,Affluent,Education,313603.0,72,7.0,True,Yes,True
1306,CUST101473,42.0,402374.0,595.0,Business,Graduate,Single,Delhi,Premium,Business,556820.0,48,5.0,True,Yes,True
1307,CUST101172,50.0,650000.0,608.0,Business,12Th,Single,Mumbai,Mass,Auto,601430.0,60,5.0,True,Yes,True
1308,CUST100147,22.0,341289.0,784.0,Self Employed,Graduate,Single,Pune,Sme,Business,1072620.0,84,2.0,True,Yes,True
1309,CUST100403,36.0,453530.0,810.0,Self-Employed,Diploma,Married,Chennai,Mass,Home,499017.0,48,6.0,True,Yes,True
1310,CUST100955,57.0,582781.0,763.0,Salaried,Postgraduate,Divorced,Pune,Mass,Education,157612.0,72,7.0,True,Yes,True
1311,CUST101440,65.0,454828.0,715.0,,Postgraduate,Single,Pune,Affluent,Business,506857.0,36,7.0,False,approved,True
1312,CUST100660,34.0,1318574.0,740.0,Business,Graduate,Married,Chennai,Affluent,Unknown,879062.0,12,3.0,True,No,True
1313,CUST100464,40.0,880724.0,672.0,Self-Employed,12Th,Divorced,Mumbai,Mass,Auto,327175.0,24,4.0,True,No,True
1314,CUST100187,28.0,583337.0,733.0,Self-Employed,,Married,Delhi,Premium,Personal,136608.0,48,11.0,True,No,True
1315,CUST101148,57.0,900242.0,697.0,Business,Postgraduate,Married,Delhi,Affluent,Education,203145.0,72,5.0,True,Yes,True
1316,CUST101225,40.0,541708.0,784.0,Business,,Single,Bengaluru,Affluent,Home,,12,5.0,True,Yes,True
1317,CUST100609,66.0,612497.0,612.0,Business,Diploma,Married,Kolkata,Mass,Auto,537978.0,120,3.0,True,No,True
1318,CUST100144,40.0,676737.0,745.0,Salaried,Graduate,Married,Hyderabad,Sme,Personal,820970.0,12,4.0,True,Yes,True
1319,CUST100752,27.0,1115428.0,712.0,Business,Graduate,Married,Hyderabad,Mass,Home,256664.0,24,4.0,True,No,True
1320,CUST100982,53.0,512930.0,787.0,Business,Graduate,Married,Mumbai,Mass,Auto,,72,9.0,True,No,True
1321,CUST100198,26.0,838061.0,676.0,Business,12Th,Married,Kolkata,Premium,Education,315520.0,12,8.0,False,Yes,True
1322,CUST100884,28.0,328496.0,780.0,Salaried,Graduate,Married,Bengaluru,Affluent,Personal,436000.0,120,5.0,True,No,True
1323,CUST100280,24.0,965237.0,791.0,Salaried,Graduate,Married,Chennai,Mass,Business,120000000.0,12,8.0,False,Yes,True
1324,CUST100294,36.0,293691.0,765.0,Business,Graduate,Married,Delhi,Mass,Auto,847067.0,72,7.0,True,No,True
1325,CUST101399,22.0,720697.0,737.0,Contract,Postgraduate,Married,Mumbai,Mass,Home,174474.0,120,7.0,True,Yes,True
1326,CUST100401,67.0,806839.0,,Contract,Graduate,Married,Mumbai,Mass,Home,562461.0,24,4.0,True,Yes,True
1327,CUST100123,51.0,1508308.0,588.0,Salaried,12Th,Married,Bengaluru,Affluent,Home Loan,290910.0,72,5.0,True,Yes,True
1328,CUST101208,54.0,398898.0,748.0,Self-Employed,Postgraduate,Married,Pune,Mass,Auto,447077.0,84,0.0,True,No,True
1329,CUST100203,44.0,688283.0,811.0,Business,12Th,Single,Bengaluru,Premium,Auto,120837.0,36,10.0,True,Yes,True
1330,CUST100836,57.0,480753.0,644.0,Salaried,Other,Single,Kolkata,Mass,Education,180468.0,24,8.0,True,Yes,True
1331,CUST100247,,574887.0,688.0,Business,Postgraduate,Single,Pune,Unknown,Education,164317.0,48,5.0,True,Yes,False
1332,CUST101457,67.0,818822.0,650.0,Salaried,Postgraduate,Married,Delhi,Mass,Business,424263.0,72,1.0,True,No,True
1333,CUST101443,64.0,1213821.0,688.0,Contract,12Th,married,Kolkata,Mass,Personal,424641.0,60,4.0,True,Yes,True
1334,CUST101154,63.0,366382.0,679.0,,Diploma,Married,Kolkata,Premium,Auto,201056.0,36,,True,Yes,True
1335,CUST100385,22.0,383849.0,788.0,Salaried,Graduate,Married,Mumbai,Mass,Home,485380.0,36,9.0,True,No,True
1336,CUST101367,35.0,620940.0,652.0,Contract,Graduate,Married,Jaipur,Affluent,Business,827189.0,36,5.0,True,No,True
1337,CUST100855,34.0,323515.0,794.0,Business,Diploma,Married,Mumbai,Premium,Business,531911.0,120,3.0,True,Yes,True
1338,CUST100220,63.0,984996.0,707.0,Business,Postgraduate,Single,Kolkata,Premium,Auto,1380551.0,120,8.0,True,No,True
1339,CUST100642,64.0,1009088.0,754.0,Self-Employed,Diploma,Married,Kolkata,Mass,Business,296645.0,72,9.0,True,Yes,True
1340,CUST100002,57.0,1117022.0,667.0,Business,Graduate,Married,Chennai,Mass,Personal,234176.0,48,7.0,False,Yes,True
1341,CUST100113,47.0,,731.0,,Graduate,Married,Pune,Mass,Auto,232154.0,60,6.0,True,Yes,True
1342,CUST100699,23.0,1035997.0,652.0,Self-Employed,12Th,Single,Hyderabad,Affluent,Home Loan,850593.0,84,1.0,True,No,True
1343,CUST101466,26.0,655431.0,732.0,Self-Employed,Graduate,Married,Bengaluru,Affluent,Business,466321.0,84,7.0,True,Yes,True
1344,CUST100952,35.0,301843.0,758.0,Business,Diploma,Single,,Mass,Auto,412532.0,48,5.0,True,Yes,True
1345,CUST101350,48.0,591635.0,768.0,Business,Postgraduate,Divorced,Bengaluru,Mass,Personal,348176.0,60,4.0,False,Yes,True
1346,CUST101292,61.0,1525412.0,629.0,Business,Graduate,Single,Chennai,Affluent,Education,300657.0,72,9.0,True,No,True
1347,CUST101388,36.0,393183.0,806.0,Salaried,Graduate,Single,Hyderabad,Affluent,Home,305417.0,84,6.0,True,Yes,True
1348,CUST100442,35.0,545994.0,672.0,Business,Graduate,Single,Mumbai,Premium,Personal,1324107.0,72,9.0,True,Yes,True
1349,CUST101137,55.0,599454.0,676.0,Salaried,12Th,Married,Hyderabad,Mass,Business,310895.0,72,9.0,True,Yes,True
1350,CUST101257,31.0,261975.0,582.0,Salaried,Diploma,Married,Hyderabad,Affluent,Auto,736910.0,72,9.0,True,Yes,True
1351,CUST100664,30.0,600606.0,786.0,Business,Graduate,Single ,Delhi,Premium,Home,982633.0,12,6.0,True,Yes,True
1352,CUST101407,37.0,1874514.0,250.0,Contract,Graduate,Married,Mumbai,Premium,Personal,539352.0,12,12.0,True,No,True
1353,CUST101258,,25000000.0,701.0,Business,Postgraduate,Single,Jaipur,Affluent,Business,437921.0,12,4.0,True,Yes,False
1354,CUST101431,43.0,630484.0,804.0,Contract,Graduate,Single,Chennai,Mass,Personal,565081.0,84,5.0,True,Yes,True
1355,CUST100318,55.0,497324.0,614.0,Salaried,Postgraduate,Single,Hyderabad,Mass,Personal,613344.0,84,1.0,True,approved,True
1356,CUST100649,66.0,1181898.0,719.0,Contract,Graduate,Married,Pune,Mass,Education,,120,4.0,True,Yes,True
1357,CUST100710,42.0,929653.0,696.0,Self-Employed,Graduate,Married,Bengaluru,Affluent,Auto,255230.0,84,5.0,True,No,True
1358,CUST101283,39.0,800548.0,754.0,Self-Employed,Graduate,Married,Pune,Mass,Home,219964.0,120,9.0,True,Yes,True
1359,CUST100973,43.0,334835.0,720.0,Contract,12Th,Married,Jaipur,Premium,Business,217660.0,120,4.0,False,No,True
1360,CUST100628,38.0,120000.0,677.0,Contract,Graduate,Single,Hyderabad,Premium,Personal,127137.0,24,7.0,True,Yes,True
1361,CUST100633,41.0,349628.0,800.0,Self-Employed,Postgraduate,Single ,Kolkata,Sme,Personal,860242.0,84,5.0,True,Yes,True
1362,CUST101307,32.0,852562.0,,Business,Diploma,Married,Delhi,Mass,Business,469958.0,120,9.0,True,No,True
1363,CUST101249,36.0,528664.0,803.0,Contract,Diploma,Married,Jaipur,Mass,Business,,36,5.0,True,Yes,True
1364,CUST101497,46.0,653528.0,763.0,Salaried,Graduate,Single,Kolkata,Affluent,Auto,451000.0,60,1.0,True,No,True
1366,CUST101355,31.0,667868.0,677.0,Self-Employed,Graduate,Married,Jaipur,Premium,Business,369474.0,24,9.0,True,Yes,True
1367,CUST101475,66.0,706283.0,795.0,Salaried,Postgraduate,Single,Pune,Affluent,Education,1164405.0,72,5.0,True,Yes,True
1368,CUST101418,41.0,975742.0,798.0,Self-Employed,Other,Married,Jaipur,Affluent,Personal,305775.0,12,6.0,True,No,True
1369,CUST100796,34.0,720000.0,680.0,,Postgraduate,Married,Kolkata,Affluent,Education,750476.0,36,6.0,True,Yes,True
1370,CUST100646,36.0,778919.0,637.0,Contract,Graduate,Divorced,Jaipur,Mass,Home,479904.0,120,6.0,True,Yes,True
1371,CUST101013,32.0,586441.0,648.0,Contract,12Th,Married,Delhi,Mass,Auto,710266.0,36,0.0,True,Yes,True
1372,CUST100557,55.0,487404.0,749.0,Contract,12Th,Single,Pune,Affluent,Auto,,72,5.0,True,No,True
1373,CUST100682,27.0,720000.0,628.0,Business,Postgraduate,Married,Hyderabad,Mass,Personal,,72,5.0,True,Yes,True
1374,CUST100578,45.0,473188.0,699.0,Self-Employed,12Th,Married,Chennai,Affluent,Education,351252.0,84,6.0,True,Yes,True
1375,CUST101110,23.0,583051.0,699.0,Business,Graduate,Married,Chennai,Mass,Auto,,24,3.0,True,Yes,True
1376,CUST101267,23.0,714938.0,760.0,Self-Employed,Graduate,Divorced,Bengaluru,Affluent,Personal,448737.0,24,5.0,True,Yes,True
1377,CUST101184,42.0,,780.0,Salaried,Diploma,Married,,Mass,Business,431912.0,48,2.0,True,Yes,True
1378,CUST100525,35.0,1073319.0,778.0,Contract,Postgraduate,Married,Delhi,Affluent,Home,752014.0,48,9.0,True,Yes,True
1379,CUST101060,35.0,1311469.0,690.0,Salaried,Postgraduate,Married,Jaipur,Affluent,Education,191559.0,60,1.0,True,Yes,True
1380,CUST100541,54.0,1050114.0,672.0,Self-Employed,Postgraduate,Single,Pune,Affluent,Auto,379898.0,60,3.0,True,Yes,True
1381,CUST101195,45.0,1150923.0,646.0,Contract,Graduate,Married,Bengaluru,Affluent,Personal,120000000.0,120,3.0,True,Yes,True
1382,CUST100749,35.0,327650.0,841.0,Contract,Postgraduate,Married,Hyderabad,Premium,Home,432074.0,36,2.0,True,Yes,True
1383,CUST101421,65.0,621036.0,619.0,Contract,Graduate,Single,Jaipur,Mass,Home,426763.0,60,11.0,True,No,True
1384,CUST100485,42.0,475659.0,728.0,Salaried,Graduate,Single,Hyderabad,Premium,Personal,246119.0,24,8.0,True,No,True
1385,CUST100096,34.0,754813.0,738.0,Business,Graduate,Single,Jaipur,Affluent,Personal,878641.0,72,3.0,True,Yes,True
1386,CUST101021,23.0,539384.0,784.0,Contract,Diploma,Divorced,Pune,Mass,Personal,461647.0,12,1.0,True,Yes,True
1387,CUST100564,5.0,952390.0,781.0,Salaried,Postgraduate,Married,Delhi,Affluent,Personal,322324.0,24,5.0,True,Yes,True
1388,CUST101265,32.0,445726.0,769.0,Self-Employed,12Th,Single,Pune,Affluent,Business,344548.0,48,2.0,True,Yes,True
1389,CUST100743,50.0,431457.0,734.0,Contract,Graduate,Single,Bengaluru,Mass,Auto,1426235.0,60,6.0,True,Yes,True
1390,CUST100864,57.0,463821.0,,Business,Graduate,Married,Delhi,Mass,Home,466033.0,24,3.0,True,Yes,True
1391,CUST100892,54.0,575842.0,790.0,Salaried,Postgraduate,Married,Chennai,Mass,Business,468090.0,72,5.0,True,Yes,True
1392,CUST101039,41.0,396322.0,661.0,Self-Employed,Postgraduate,Single,Kolkata,Affluent,Education,1550762.0,84,4.0,True,No,True
1393,CUST100207,56.0,599147.0,846.0,Salaried,Postgraduate,Married,Kolkata,Sme,Home,888175.0,72,4.0,True,Yes,True
1394,CUST100393,38.0,373864.0,678.0,Self-Employed,Diploma,Married,Mumbai,Mass,Auto,317403.0,36,,True,Yes,True
1395,CUST100795,41.0,289877.0,776.0,Salaried,Diploma,Single,Mumbai,Affluent,Education,415916.0,120,4.0,True,No,True
1396,CUST100871,42.0,334113.0,792.0,Salaried,12Th,Married,Chennai,Affluent,Home,370970.0,72,8.0,True,Yes,True
1397,CUST100398,30.0,546515.0,773.0,Salaried,Graduate,Married,Jaipur,Premium,Personal,505968.0,24,5.0,False,No,True
1398,CUST100767,49.0,990728.0,728.0,Salaried,Graduate,Single,Jaipur,Affluent,Personal,911963.0,24,-5.0,True,No,True
1399,CUST101411,105.0,681307.0,760.0,Contract,Graduate,Single,Kolkata,Mass,Home,237072.0,36,5.0,True,Yes,True
1400,CUST101242,57.0,477965.0,627.0,Salaried,Postgraduate,Single ,,Affluent,Education,294998.0,24,3.0,True,Yes,True
1401,CUST101029,25.0,,769.0,Contract,Other,Married,Bengaluru,Premium,Education,441581.0,24,4.0,True,Yes,True
1402,CUST100643,61.0,282883.0,666.0,Business,Postgraduate,Married,Hyderabad,Mass,Education,1269111.0,120,2.0,True,Yes,True
1403,CUST100613,57.0,990008.0,775.0,Business,Graduate,Married,Jaipur,Affluent,Auto,678550.0,72,8.0,True,Yes,True
1404,CUST100961,,316287.0,654.0,Contract,Graduate,Single,,Premium,Personal,311981.0,72,6.0,True,Yes,False
1405,CUST100726,26.0,747095.0,,Self-Employed,Other,Married,Pune,Mass,Personal,416237.0,24,3.0,True,Yes,True
1406,CUST100684,66.0,513360.0,682.0,Self-Employed,Graduate,Married,Mumbai,Premium,Auto,1309079.0,60,2.0,True,Yes,True
1407,CUST100099,50.0,741081.0,854.0,Self-Employed,12Th,Single,Delhi,Premium,Business,490862.0,12,4.0,True,Yes,True
1408,CUST100805,55.0,530187.0,704.0,Business,Graduate,Married,Chennai,Mass,Personal,179433.0,12,6.0,True,No,True
1409,CUST100407,41.0,1521141.0,799.0,Self-Employed,Graduate,Single,Kolkata,Affluent,Auto,573489.0,120,2.0,True,Yes,True
1410,CUST100503,66.0,791749.0,607.0,Salaried,Graduate,Single,Chennai,Premium,Education,226805.0,60,2.0,True,Yes,True
1411,CUST101072,30.0,650000.0,732.0,Business,Graduate,Married,Chennai,Mass,Personal,184164.0,72,7.0,True,Yes,True
1412,CUST101057,42.0,340531.0,775.0,Business,Postgraduate,Married,,Affluent,Education,207579.0,48,0.0,True,Yes,True
1413,CUST100930,48.0,465814.0,,Self-Employed,12Th,Married,Chennai,Mass,Business,468668.0,60,2.0,True,Yes,True
1414,CUST100780,60.0,368655.0,694.0,Salaried,Diploma,Single,Jaipur,Mass,Personal,431389.0,84,6.0,True,No,True
1415,CUST100201,38.0,558010.0,600.0,Self-Employed,Other,Single,Jaipur,Mass,Business,264830.0,48,3.0,True,Yes,True
1416,CUST100135,58.0,742995.0,642.0,Business,Graduate,Single,Jaipur,Mass,Education,281062.0,12,6.0,True,Yes,True
1417,CUST101052,38.0,672862.0,695.0,Salaried,Postgraduate,Single,Hyderabad,Affluent,Auto,172357.0,120,4.0,True,No,True
1418,CUST100041,28.0,120000.0,568.0,Salaried,Graduate,Married,Delhi,Mass,Auto,317522.0,120,6.0,True,No,True
1419,CUST101018,44.0,593469.0,761.0,Business,,Married,Bengaluru,Affluent,Business,720556.0,120,5.0,True,No,True
1420,CUST100231,42.0,284209.0,682.0,Salaried,Diploma,Divorced,Kolkata,Sme,Auto,629322.0,48,2.0,True,Yes,True
1421,CUST100379,38.0,1037253.0,596.0,Business,Graduate,Married,Hyderabad,Mass,Personal,302244.0,60,5.0,True,No,True
1422,CUST100289,46.0,934462.0,771.0,Self-Employed,Graduate,Married,Bengaluru,Premium,Auto,215588.0,120,8.0,True,No,True
1423,CUST100419,34.0,622878.0,756.0,Business,Graduate,Single,Kolkata,Premium,Business,59240.0,60,6.0,True,Yes,True
1424,CUST100392,,570532.0,766.0,Contract,Postgraduate,Married,Jaipur,Mass,Home,937612.0,36,3.0,True,Yes,False
1425,CUST100593,32.0,470087.0,689.0,Self-Employed,Graduate,Single,Jaipur,Mass,Business,263313.0,60,6.0,True,No,True
1426,CUST101163,60.0,522019.0,831.0,Contract,Graduate,Single,Pune,Mass,Education,385673.0,12,5.0,True,Yes,True
1427,CUST101087,58.0,817253.0,745.0,Business,Graduate,Single,Kolkata,Mass,Auto,,72,3.0,True,Yes,True
1428,CUST100648,46.0,1229933.0,810.0,Business,Graduate,Married,Chennai,Affluent,Business,81423.0,12,11.0,True,No,True
1429,CUST101153,41.0,483572.0,623.0,Salaried,Postgraduate,Married,,Sme,Business,217853.0,84,,True,No,True
1430,CUST101368,,519228.0,728.0,Business,Postgraduate,Married,Hyderabad,Mass,Home,514679.0,12,4.0,True,Yes,False
1431,CUST100521,37.0,1199816.0,,Business,Graduate,Married,Chennai,Sme,Home,340989.0,48,15.0,True,No,True
1432,CUST100065,40.0,653581.0,743.0,Self-Employed,12Th,Single,Chennai,Affluent,Auto,238556.0,120,7.0,True,Yes,True
1433,CUST100015,54.0,742841.0,658.0,Business,12Th,Single,Hyderabad,Affluent,Home,356591.0,120,6.0,True,No,True
1434,CUST101181,49.0,498088.0,740.0,Self-Employed,Postgraduate,Married,Jaipur,Affluent,Auto,100.0,12,5.0,True,No,True
1435,CUST101065,56.0,904243.0,669.0,Business,Graduate,Single,,Mass,Home,815507.0,48,3.0,True,Yes,True
1436,CUST100493,56.0,594496.0,710.0,Self-Employed,Other,Single,Delhi,Mass,Business,197820.0,84,6.0,False,Yes,True
1437,CUST100380,33.0,1179815.0,,Salaried,Graduate,Married,Mumbai,Premium,Home,717745.0,36,4.0,False,No,True
1438,CUST100188,38.0,352131.0,693.0,Salaried,Graduate,Single,Kolkata,Affluent,Home,623479.0,24,8.0,True,Yes,True
1439,CUST100764,64.0,761542.0,731.0,,Graduate, MARRIED ,Bengaluru,Mass,Auto,2170814.0,72,2.0,True,Yes,True
1440,CUST100217,24.0,374113.0,654.0,Salaried,Postgraduate,Single,Mumbai,Mass,Auto,234792.0,36,8.0,False,Yes,True
1441,CUST100792,42.0,,693.0,Salaried,Postgraduate,Single,Jaipur,Affluent,Auto,,24,5.0,True,No,True
1442,CUST101077,54.0,555498.0,742.0,Self-Employed,Graduate,Married,Hyderabad,Premium,Business,340210.0,84,6.0,False,Yes,True
1443,CUST100879,46.0,1386172.0,840.0,Self-Employed,Graduate,Married,Chennai,Sme,Business,303948.0,12,2.0,False,No,True
1444,CUST100338,35.0,791821.0,767.0,Salaried,Diploma,Married,Pune,Mass,Personal,99546.0,48,6.0,True,Yes,True
1445,CUST100720,49.0,1113180.0,668.0,Salaried,Postgraduate,Married,Jaipur,Premium,Business,748201.0,72,7.0,True,Yes,True
1446,CUST100296,45.0,,679.0,Salaried,12Th,Married,Bengaluru,Mass,Education,593407.0,24,,True,Yes,True
1447,CUST101017,39.0,337030.0,783.0,Self-Employed,12Th,Married,Chennai,Affluent,Personal,293348.0,24,7.0,False,Yes,True
1448,CUST101276,54.0,784571.0,712.0,Salaried,Graduate,Single,Jaipur,Mass,Auto,1110229.0,12,3.0,True,Yes,True
1451,CUST100816,60.0,410119.0,745.0,Business,Graduate,Married,Bengaluru,Premium,Education,609866.0,12,4.0,True,Yes,True
1452,CUST100270,48.0,515549.0,715.0,Salaried,Graduate,Married,Pune,Mass,Auto,313431.0,120,6.0,True,No,True
1453,CUST100996,50.0,690723.0,744.0,Salaried,Graduate,Single,Jaipur,Mass,Business,219675.0,84,6.0,True,Yes,True
1454,CUST100202,63.0,428722.0,698.0,,Graduate,Married,,Sme,Education,162246.0,24,4.0,True,No,True
1455,CUST100162,52.0,1024381.0,764.0,Contract,Postgraduate,Single,Jaipur,Affluent,Education,333076.0,120,6.0,True,Yes,True
1456,CUST100730,51.0,488934.0,787.0,Business,Diploma,Married,Pune,Premium,Home,838675.0,84,7.0,True,No,True
1457,CUST100402,57.0,650971.0,673.0,Salaried,Postgraduate,M,Hyderabad,Mass,Business,658819.0,72,6.0,True,Yes,True
1458,CUST100703,28.0,784014.0,636.0,Business,Graduate,Single,Hyderabad,Mass,Auto,404368.0,84,4.0,True,Yes,True
1459,CUST101130,51.0,,658.0,Salaried,Graduate,Single,Bengaluru,Mass,Personal,237599.0,120,4.0,True,Yes,True
1460,CUST100566,32.0,733030.0,721.0,Salaried,Postgraduate,Single,Chennai,Mass,Unknown,595792.0,12,7.0,True,No,True
1461,CUST101414,58.0,759405.0,120.0,Salaried,,Single,Jaipur,Premium,Auto,366567.0,120,4.0,True,Yes,True
1462,CUST101022,24.0,1320970.0,,Contract,12Th,Single,,Mass,Auto,391380.0,24,5.0,True,No,True
1463,CUST101026,23.0,448155.0,736.0,Self-Employed,Graduate,Married,Jaipur,Mass,Auto,392941.0,72,5.0,True,Yes,True
1464,CUST101412,47.0,1996474.0,789.0,Contract,Postgraduate,Married,Kolkata,High Value,Personal,460487.0,72,4.0,True,Yes,True
1465,CUST101105,105.0,426130.0,771.0,Business,Graduate,Married,Chennai,Mass,Business,261086.0,72,2.0,False,Yes,True
1466,CUST100206,33.0,1604257.0,785.0,Contract,12Th,Single,Mumbai,Affluent,Business,,24,3.0,True,No,True
1467,CUST100035,62.0,1531271.0,779.0,Business,Postgraduate,Single,Hyderabad,Mass,Personal,327941.0,24,4.0,True,Yes,True
1468,CUST100776,65.0,,667.0,Self-Employed,Graduate,Single,Mumbai,Mass,Personal,995167.0,72,3.0,True,Yes,True
1469,CUST100509,33.0,850268.0,829.0,Business,,Married,Kolkata,Mass,Personal,1647932.0,72,4.0,True,Yes,True
1470,CUST101452,22.0,387506.0,748.0,Business,Diploma,Married,Pune,Mass,Home,293706.0,60,5.0,True,Yes,True
1472,CUST101391,35.0,783986.0,755.0,Contract,Postgraduate,Single,Kolkata,Mass,Business,703032.0,12,7.0,True,Yes,True
1473,CUST100092,58.0,492544.0,732.0,Self-Employed,Graduate,Married,,Sme,Home,345428.0,84,5.0,True,Yes,True
1474,CUST101364,30.0,701364.0,711.0,Self-Employed,Postgraduate,Single,,Mass,Business,463875.0,12,,True,Yes,True
1475,CUST100898,23.0,277000.0,705.0,Salaried,12Th,Married,Delhi,Mass,Home,546851.0,12,6.0,True,No,True
1476,CUST100565,62.0,669143.0,739.0,Business,Graduate,Single,Chennai,Premium,Personal,1257561.0,24,4.0,True,No,True
1477,CUST101370,50.0,813646.0,,Contract,Graduate,Divorced,Jaipur,High Value,Auto,196960.0,48,4.0,True,Yes,True
1478,CUST100777,40.0,758934.0,640.0,Contract,Graduate,Divorced,Bengaluru,Mass,Auto,334300.0,84,3.0,True,No,True
1479,CUST100242,48.0,,634.0,Contract,12Th,Single,Jaipur,Affluent,Personal,364035.0,48,2.0,True,Yes,True
1480,CUST100014,56.0,594007.0,813.0,Salaried,Graduate,Married,Pune,Mass,Auto,1050939.0,24,5.0,True,No,True
1481,CUST100316,51.0,649566.0,780.0,Self-Employed,Diploma,Divorced,Chennai,Mass,Personal,207396.0,24,4.0,True,Yes,True
1482,CUST100601,49.0,451208.0,619.0,Salaried,Postgraduate,Divorced,Chennai,Premium,Personal,650913.0,48,3.0,True,Yes,True
1483,CUST100388,60.0,443885.0,703.0,Business,Postgraduate,Single,Kolkata,Premium,Education,297384.0,84,,False,Yes,True
1484,CUST101298,52.0,473441.0,711.0,Self-Employed,Graduate,Married,Chennai,Mass,Education,194102.0,24,2.0,True,Yes,True
1485,CUST100167,36.0,1181508.0,615.0,Self Employed,,Single,Hyderabad,Mass,Personal,,12,10.0,True,No,True
1486,CUST100841,34.0,538503.0,788.0,Contract,Graduate,Single,Mumbai,Affluent,Education,582455.0,48,,True,Yes,True
1487,CUST100021,44.0,1051329.0,,Salaried,Graduate,Single,Delhi,Affluent,Education,775673.0,24,1.0,True,No,True
1488,CUST100647,42.0,378425.0,747.0,Business,Postgraduate,unknown,Bengaluru,Sme,Business,470739.0,120,4.0,False,Yes,True
1489,CUST101155,35.0,389953.0,714.0,Salaried,Postgraduate,Married,Kolkata,Mass,Auto,119021.0,60,9.0,True,Yes,True
1490,CUST100832,32.0,459109.0,657.0,Self-Employed,Postgraduate,Married,Mumbai,Mass,Education,318682.0,72,6.0,True,No,True
1491,CUST101268,38.0,449757.0,731.0,Salaried,Graduate,Married,Delhi,Mass,Home,248420.0,72,6.0,True,Yes,True
1492,CUST100563,42.0,247201.0,,Salaried,Postgraduate,Single,Chennai,Affluent,Education,,24,4.0,True,Yes,True
1493,CUST101496,41.0,,662.0,Self-Employed,12Th,Single,Kolkata,Affluent,Education,693422.0,48,5.0,True,No,True
1494,CUST100687,40.0,734954.0,786.0,Contract,Graduate,Single,Chennai,Mass,Personal,697017.0,84,4.0,True,Yes,True
1495,CUST100958,50.0,774288.0,,Salaried,Graduate,Single,Kolkata,Mass,Personal,697241.0,72,4.0,True,No,True
1496,CUST100190,35.0,387755.0,682.0,Contract,Postgraduate,Divorced,Bengaluru,Mass,Home,296730.0,24,8.0,True,Yes,True
1497,CUST100976,31.0,791456.0,781.0,Contract,Postgraduate,Single,Jaipur,Affluent,Personal,1139635.0,24,2.0,True,No,True
1498,CUST100700,,658802.0,772.0,Contract,Postgraduate,Married,Mumbai,Mass,Auto,257699.0,24,4.0,True,Yes,False
1499,CUST100511,67.0,499290.0,,Contract,Graduate,Married,Delhi,Premium,Business,712165.0,120,7.0,True,Yes,True
1500,CUST101083,66.0,561632.0,773.0,,Postgraduate,Single,Chennai,Mass,Education,478103.0,60,6.0,True,No,True
1501,CUST100475,50.0,,802.0,Contract,12Th,Divorced,Kolkata,Mass,Personal,1488587.0,36,5.0,True,Yes,True
1502,CUST100857,32.0,659245.0,,Business,,Married,Kolkata,Affluent,Education,368435.0,60,2.0,True,No,True
1503,CUST100748,,338339.0,673.0,Business,Graduate,Married,Chennai,Premium,Business,223704.0,12,7.0,True,No,False
1504,CUST100253,29.0,723479.0,735.0,Business,Postgraduate,Married,Mumbai,Premium,Personal,312825.0,48,7.0,True,No,True
1505,CUST100022,38.0,1149498.0,665.0,Self-Employed,Postgraduate,Single,Delhi,Premium,Personal,492826.0,60,5.0,True,Yes,True
1507,CUST100460,25.0,794219.0,743.0,Self-Employed,Postgraduate,Married,Delhi,Premium,Business,1189542.0,36,4.0,False,No,True
1508,CUST101185,40.0,874929.0,621.0,Contract,Postgraduate,Single,Jaipur,Sme,Education,417066.0,72,4.0,True,Yes,True
1509,CUST100277,42.0,939218.0,707.0,Salaried,Diploma,Married,,Mass,Personal,468129.0,60,3.0,True,Yes,True
1510,CUST100956,49.0,299390.0,606.0,Contract,Postgraduate,Single,Hyderabad,Affluent,Personal,102010.0,120,6.0,True,No,True
1511,CUST101216,26.0,1403890.0,,,Graduate,Single,Pune,Mass,Home,328004.0,72,6.0,True,approved,True
1512,CUST100386,26.0,909886.0,659.0,Salaried,Postgraduate,Married,Kolkata,Mass,Auto,732859.0,60,6.0,True,Yes,True
1513,CUST100806,57.0,1090983.0,716.0,Salaried,Graduate,Single,Jaipur,Affluent,Home,,48,6.0,True,Yes,True
1514,CUST101438,51.0,440731.0,834.0,Business,Postgraduate,Married,Chennai,Premium,Auto,447924.0,12,2.0,True,No,True
1515,CUST100344,45.0,80000000.0,819.0,Self-Employed,Postgraduate,Single,Mumbai,Mass,Personal,636933.0,12,6.0,True,Yes,True
1516,CUST100770,,708229.0,801.0,Business,,Single,Chennai,Premium,Personal,341664.0,120,5.0,True,Yes,False
1517,CUST101333,40.0,1133730.0,779.0,Salaried,Graduate,Single,Hyderabad,Mass,Education,617190.0,48,7.0,True,No,True
1518,CUST100131,47.0,546368.0,755.0,Salaried,Postgraduate,Single,Pune,Premium,Home,194848.0,12,4.0,True,No,True
1519,CUST100872,30.0,330361.0,674.0,Self-Employed,12Th,Single,Hyderabad,Premium,Home,376579.0,24,8.0,True,Yes,True
1520,CUST101124,32.0,316788.0,763.0,Salaried,12Th,Single,Pune,Premium,Auto,625903.0,48,5.0,True,No,True
1521,CUST101397,50.0,669859.0,789.0,Self-Employed,Graduate,Married,Kolkata,Mass,Auto,354488.0,24,4.0,True,Yes,True
1522,CUST100088,35.0,357721.0,716.0,Self-Employed,Graduate,Married,Jaipur,Mass,Home,162145.0,84,3.0,True,Yes,True
1523,CUST101483,34.0,678956.0,669.0,Salaried,Postgraduate,Single,Bengaluru,Premium,Personal,745536.0,72,5.0,True,Yes,True
1524,CUST100331,46.0,358142.0,611.0,Contract,Diploma,Single,Chennai,Mass,Business,500162.0,72,9.0,True,Yes,True
1525,CUST101239,34.0,566522.0,701.0,Business,Postgraduate,Divorced,Delhi,Mass,Auto,393510.0,48,5.0,True,Yes,True
1526,CUST100467,28.0,558468.0,606.0,Contract,Postgraduate,Single,Chennai,Premium,Business,393599.0,84,5.0,True,No,True
1527,CUST100122,52.0,661195.0,703.0,Self-Employed,Graduate,Single,Delhi,Sme,Education,,72,3.0,True,No,True
1528,CUST101045,54.0,392316.0,685.0,Salaried,Graduate,Single,Delhi,Affluent,Personal,322954.0,12,5.0,True,Yes,True
1529,CUST101096,24.0,520688.0,,Contract,Postgraduate,Divorced,Delhi,Affluent,Auto,894941.0,60,5.0,False,Yes,True
1530,CUST101131,40.0,477723.0,719.0,Self-Employed,Graduate,Single,Jaipur,Mass,Home Loan,1106455.0,48,,True,No,True
1531,CUST101295,65.0,1394481.0,0.0,Self-Employed,12Th,Single,Jaipur,Mass,Personal,222828.0,120,8.0,True,Yes,True
1532,CUST100861,66.0,,686.0,Contract,Other,Married,Delhi,Mass,Personal,50000000.0,36,9.0,True,Yes,True
1533,CUST101460,45.0,543340.0,720.0,Business,Graduate,Married,Pune,Mass,Education,302389.0,72,9.0,True,No,True
1534,CUST101127,61.0,,731.0,Salaried,Postgraduate,Single,Chennai,Affluent,Education,753995.0,12,5.0,True,No,True
